-- MySQL dump 10.13  Distrib 8.0.45, for Win64 (x86_64)
--
-- Host: 127.0.0.1    Database: fzgl_db
-- ------------------------------------------------------
-- Server version	8.0.45

/*!40101 SET @OLD_CHARACTER_SET_CLIENT=@@CHARACTER_SET_CLIENT */;
/*!40101 SET @OLD_CHARACTER_SET_RESULTS=@@CHARACTER_SET_RESULTS */;
/*!40101 SET @OLD_COLLATION_CONNECTION=@@COLLATION_CONNECTION */;
/*!50503 SET NAMES utf8mb4 */;
/*!40103 SET @OLD_TIME_ZONE=@@TIME_ZONE */;
/*!40103 SET TIME_ZONE='+00:00' */;
/*!40014 SET @OLD_UNIQUE_CHECKS=@@UNIQUE_CHECKS, UNIQUE_CHECKS=0 */;
/*!40014 SET @OLD_FOREIGN_KEY_CHECKS=@@FOREIGN_KEY_CHECKS, FOREIGN_KEY_CHECKS=0 */;
/*!40101 SET @OLD_SQL_MODE=@@SQL_MODE, SQL_MODE='NO_AUTO_VALUE_ON_ZERO' */;
/*!40111 SET @OLD_SQL_NOTES=@@SQL_NOTES, SQL_NOTES=0 */;

--
-- Table structure for table `evaluate_answer`
--

DROP TABLE IF EXISTS `evaluate_answer`;
/*!40101 SET @saved_cs_client     = @@character_set_client */;
/*!50503 SET character_set_client = utf8mb4 */;
CREATE TABLE `evaluate_answer` (
  `answer_id` bigint NOT NULL,
  `receipt_id` bigint NOT NULL COMMENT '回执单id',
  `person_id` bigint NOT NULL COMMENT '被评议人id',
  `item_id` bigint NOT NULL COMMENT '评议题id',
  `item_type` int NOT NULL COMMENT '题型',
  `content` varchar(255) NOT NULL COMMENT '评议内容，可能是分数，可能是文本',
  `deleted` tinyint NOT NULL DEFAULT '0',
  `create_by` varchar(50) NOT NULL,
  `create_time` datetime NOT NULL,
  `update_by` varchar(50) NOT NULL,
  `update_time` datetime NOT NULL,
  PRIMARY KEY (`answer_id`),
  KEY `item_id_index` (`item_id`),
  KEY `receipt_id_index` (`receipt_id`),
  KEY `person_id_index` (`person_id`)
) ENGINE=InnoDB DEFAULT CHARSET=utf8mb4 COLLATE=utf8mb4_0900_ai_ci COMMENT='评议答案';
/*!40101 SET character_set_client = @saved_cs_client */;

--
-- Dumping data for table `evaluate_answer`
--

LOCK TABLES `evaluate_answer` WRITE;
/*!40000 ALTER TABLE `evaluate_answer` DISABLE KEYS */;
INSERT INTO `evaluate_answer` VALUES (2071411419551858689,2071411419400863745,2070063760645607425,2070044099853987841,3,'2',0,'admin','2026-06-29 09:52:22','admin','2026-06-29 09:52:22'),(2071411419551858690,2071411419400863745,2070063760645607425,2070044099853987842,3,'1',0,'admin','2026-06-29 09:52:22','admin','2026-06-29 09:52:22'),(2071411419551858691,2071411419400863745,2070063760645607426,2070044099853987841,3,'34',0,'admin','2026-06-29 09:52:22','admin','2026-06-29 09:52:22'),(2071411419551858692,2071411419400863745,2070063760645607426,2070044099853987842,3,'32',0,'admin','2026-06-29 09:52:22','admin','2026-06-29 09:52:22'),(2071488786316099587,2071488786316099586,2070044255592689667,2070044255592689668,3,'100',0,'admin','2026-06-29 14:59:48','admin','2026-06-29 14:59:48'),(2071488786316099588,2071488786316099586,2070044255592689667,2070044255592689669,3,'100',0,'admin','2026-06-29 14:59:48','admin','2026-06-29 14:59:48'),(2071543319360577538,2071543319322828801,2070063760645607425,2070044099853987841,3,'12',0,'admin','2026-06-29 18:36:29','admin','2026-06-29 18:36:29'),(2071543319360577539,2071543319322828801,2070063760645607425,2070044099853987842,3,'12',0,'admin','2026-06-29 18:36:29','admin','2026-06-29 18:36:29'),(2071543319360577540,2071543319322828801,2070063760645607426,2070044099853987841,3,'23',0,'admin','2026-06-29 18:36:29','admin','2026-06-29 18:36:29'),(2071543319360577541,2071543319322828801,2070063760645607426,2070044099853987842,3,'23',0,'admin','2026-06-29 18:36:29','admin','2026-06-29 18:36:29'),(2071548149747662850,2071548149684748290,2071547858142871554,2071547858201591810,0,'B',0,'admin','2026-06-29 18:55:41','admin','2026-06-29 18:55:41'),(2071548149747662851,2071548149684748290,2071547858142871554,2071547858201591811,1,'A,B',0,'admin','2026-06-29 18:55:41','admin','2026-06-29 18:55:41'),(2071548149747662852,2071548149684748290,2071547858142871554,2071547858201591812,2,'填空',0,'admin','2026-06-29 18:55:41','admin','2026-06-29 18:55:41'),(2071548149747662853,2071548149684748290,2071547858142871554,2071547858201591813,3,'20',0,'admin','2026-06-29 18:55:41','admin','2026-06-29 18:55:41'),(2071548149747662854,2071548149684748290,2071547858159648770,2071547858201591810,0,'C',0,'admin','2026-06-29 18:55:41','admin','2026-06-29 18:55:41'),(2071548149747662855,2071548149684748290,2071547858159648770,2071547858201591811,1,'B,C',0,'admin','2026-06-29 18:55:41','admin','2026-06-29 18:55:41'),(2071548149747662856,2071548149684748290,2071547858159648770,2071547858201591812,2,'1234',0,'admin','2026-06-29 18:55:41','admin','2026-06-29 18:55:41'),(2071548149747662857,2071548149684748290,2071547858159648770,2071547858201591813,3,'12',0,'admin','2026-06-29 18:55:41','admin','2026-06-29 18:55:41'),(2071548268874285059,2071548268874285058,2071547858142871554,2071547858201591810,0,'B',0,'admin','2026-06-29 18:56:09','admin','2026-06-29 18:56:09'),(2071548268874285060,2071548268874285058,2071547858142871554,2071547858201591811,1,'B',0,'admin','2026-06-29 18:56:09','admin','2026-06-29 18:56:09'),(2071548268937199618,2071548268874285058,2071547858142871554,2071547858201591812,2,'1212314',0,'admin','2026-06-29 18:56:09','admin','2026-06-29 18:56:09'),(2071548268937199619,2071548268874285058,2071547858142871554,2071547858201591813,3,'23',0,'admin','2026-06-29 18:56:09','admin','2026-06-29 18:56:09'),(2071548268937199620,2071548268874285058,2071547858159648770,2071547858201591810,0,'C',0,'admin','2026-06-29 18:56:09','admin','2026-06-29 18:56:09'),(2071548268937199621,2071548268874285058,2071547858159648770,2071547858201591811,1,'C',0,'admin','2026-06-29 18:56:09','admin','2026-06-29 18:56:09'),(2071548268937199622,2071548268874285058,2071547858159648770,2071547858201591812,2,'34463',0,'admin','2026-06-29 18:56:09','admin','2026-06-29 18:56:09'),(2071548268937199623,2071548268874285058,2071547858159648770,2071547858201591813,3,'35',0,'admin','2026-06-29 18:56:09','admin','2026-06-29 18:56:09');
/*!40000 ALTER TABLE `evaluate_answer` ENABLE KEYS */;
UNLOCK TABLES;

--
-- Table structure for table `evaluate_item`
--

DROP TABLE IF EXISTS `evaluate_item`;
/*!40101 SET @saved_cs_client     = @@character_set_client */;
/*!50503 SET character_set_client = utf8mb4 */;
CREATE TABLE `evaluate_item` (
  `item_id` bigint NOT NULL,
  `order_id` bigint NOT NULL,
  `title` varchar(255) NOT NULL COMMENT '题目内容',
  `item_type` int NOT NULL,
  `required` tinyint NOT NULL COMMENT '是否必填',
  `sort_num` int NOT NULL COMMENT '题目排序',
  `deleted` tinyint NOT NULL DEFAULT '0',
  `create_by` varchar(50) NOT NULL,
  `create_time` datetime NOT NULL,
  `update_by` varchar(50) NOT NULL,
  `update_time` datetime NOT NULL,
  PRIMARY KEY (`item_id`),
  KEY `order_id_index` (`order_id`)
) ENGINE=InnoDB DEFAULT CHARSET=utf8mb4 COLLATE=utf8mb4_0900_ai_ci COMMENT='评议题型';
/*!40101 SET character_set_client = @saved_cs_client */;

--
-- Dumping data for table `evaluate_item`
--

LOCK TABLES `evaluate_item` WRITE;
/*!40000 ALTER TABLE `evaluate_item` DISABLE KEYS */;
INSERT INTO `evaluate_item` VALUES (2070044099853987841,2070044099791073281,'测试评分1',3,1,1,0,'admin','2026-06-25 15:19:08','admin','2026-06-25 15:19:08'),(2070044099853987842,2070044099791073281,'测试评分2',3,1,2,0,'admin','2026-06-25 15:19:08','admin','2026-06-25 15:19:08'),(2070044255592689668,2070044255592689666,'测试评分1',3,1,1,0,'admin','2026-06-25 15:19:45','admin','2026-06-25 15:19:45'),(2070044255592689669,2070044255592689666,'测试评分2',3,1,2,0,'admin','2026-06-25 15:19:45','admin','2026-06-25 15:19:45'),(2070044435243118596,2070044435243118593,'111',3,1,1,0,'admin','2026-06-25 15:20:28','admin','2026-06-25 15:20:28'),(2070044435243118597,2070044435243118593,'111',3,1,2,0,'admin','2026-06-25 15:20:28','admin','2026-06-25 15:20:28'),(2070046719008051202,2070046718764781570,'1',3,1,1,0,'admin','2026-06-25 15:29:32','admin','2026-06-25 15:29:32'),(2070046857063567361,2070046857009041410,'1',3,1,1,0,'admin','2026-06-25 15:30:05','admin','2026-06-25 15:30:05'),(2070047771593805826,2070047771530891266,'1',3,1,1,0,'admin','2026-06-25 15:33:43','admin','2026-06-25 15:33:43'),(2071547858201591810,2071547857815715842,'测试单选',0,1,1,0,'admin','2026-06-29 18:54:32','admin','2026-06-29 18:54:32'),(2071547858201591811,2071547857815715842,'测试多选',1,1,2,0,'admin','2026-06-29 18:54:32','admin','2026-06-29 18:54:32'),(2071547858201591812,2071547857815715842,'测试填空',2,1,3,0,'admin','2026-06-29 18:54:32','admin','2026-06-29 18:54:32'),(2071547858201591813,2071547857815715842,'测试打分',3,1,4,0,'admin','2026-06-29 18:54:32','admin','2026-06-29 18:54:32');
/*!40000 ALTER TABLE `evaluate_item` ENABLE KEYS */;
UNLOCK TABLES;

--
-- Table structure for table `evaluate_item_option`
--

DROP TABLE IF EXISTS `evaluate_item_option`;
/*!40101 SET @saved_cs_client     = @@character_set_client */;
/*!50503 SET character_set_client = utf8mb4 */;
CREATE TABLE `evaluate_item_option` (
  `option_id` bigint NOT NULL,
  `item_id` bigint NOT NULL COMMENT '题目id',
  `order_id` bigint NOT NULL COMMENT '评议单id',
  `option_code` varchar(50) NOT NULL COMMENT '选项名称',
  `option_content` varchar(255) NOT NULL COMMENT '选项内容',
  `sort_num` int NOT NULL COMMENT '排序',
  `deleted` tinyint NOT NULL DEFAULT '0',
  `create_by` varchar(50) NOT NULL,
  `create_time` datetime NOT NULL,
  `update_by` varchar(50) NOT NULL,
  `update_time` datetime NOT NULL,
  PRIMARY KEY (`option_id`),
  KEY `item_id_index` (`item_id`),
  KEY `order_id_index` (`order_id`)
) ENGINE=InnoDB DEFAULT CHARSET=utf8mb4 COLLATE=utf8mb4_0900_ai_ci COMMENT='选择题选项';
/*!40101 SET character_set_client = @saved_cs_client */;

--
-- Dumping data for table `evaluate_item_option`
--

LOCK TABLES `evaluate_item_option` WRITE;
/*!40000 ALTER TABLE `evaluate_item_option` DISABLE KEYS */;
INSERT INTO `evaluate_item_option` VALUES (2071547858264506370,2071547858201591810,2071547857815715842,'A','aaa',1,0,'admin','2026-06-29 18:54:32','admin','2026-06-29 18:54:32'),(2071547858264506371,2071547858201591810,2071547857815715842,'B','bbb',2,0,'admin','2026-06-29 18:54:32','admin','2026-06-29 18:54:32'),(2071547858264506372,2071547858201591810,2071547857815715842,'C','ccc',3,0,'admin','2026-06-29 18:54:32','admin','2026-06-29 18:54:32'),(2071547858264506373,2071547858201591811,2071547857815715842,'A','啊啊啊11',1,0,'admin','2026-06-29 18:54:32','admin','2026-06-29 18:54:32'),(2071547858264506374,2071547858201591811,2071547857815715842,'B','啵啵啵22',2,0,'admin','2026-06-29 18:54:32','admin','2026-06-29 18:54:32'),(2071547858264506375,2071547858201591811,2071547857815715842,'C','擦擦擦33',3,0,'admin','2026-06-29 18:54:32','admin','2026-06-29 18:54:32');
/*!40000 ALTER TABLE `evaluate_item_option` ENABLE KEYS */;
UNLOCK TABLES;

--
-- Table structure for table `evaluate_order`
--

DROP TABLE IF EXISTS `evaluate_order`;
/*!40101 SET @saved_cs_client     = @@character_set_client */;
/*!50503 SET character_set_client = utf8mb4 */;
CREATE TABLE `evaluate_order` (
  `order_id` bigint NOT NULL,
  `intermediate_code` varchar(10) NOT NULL COMMENT '中间随机码',
  `evaluate_name` varchar(255) NOT NULL COMMENT '评议事项名称',
  `type` int NOT NULL,
  `deadline` date NOT NULL,
  `status` int NOT NULL DEFAULT '0',
  `remark` varchar(255) DEFAULT NULL,
  `deleted` tinyint NOT NULL DEFAULT '0',
  `create_by` varchar(50) NOT NULL,
  `create_time` datetime NOT NULL,
  `update_by` varchar(50) NOT NULL,
  `update_time` datetime NOT NULL,
  PRIMARY KEY (`order_id`)
) ENGINE=InnoDB DEFAULT CHARSET=utf8mb4 COLLATE=utf8mb4_0900_ai_ci COMMENT='评议单';
/*!40101 SET character_set_client = @saved_cs_client */;

--
-- Dumping data for table `evaluate_order`
--

LOCK TABLES `evaluate_order` WRITE;
/*!40000 ALTER TABLE `evaluate_order` DISABLE KEYS */;
INSERT INTO `evaluate_order` VALUES (2070044099791073281,'EU6WTW','测试事项名称',0,'2026-06-24',1,NULL,0,'admin','2026-06-25 15:19:08','admin','2026-06-25 15:19:08'),(2070044255592689666,'X4JKE3','测试事项名称',0,'2026-06-24',1,NULL,0,'admin','2026-06-25 15:19:45','admin','2026-06-25 15:19:45'),(2071547857815715842,'0BNQSH','测试问卷',1,'2026-06-26',1,NULL,0,'admin','2026-06-29 18:54:31','admin','2026-06-29 18:54:31');
/*!40000 ALTER TABLE `evaluate_order` ENABLE KEYS */;
UNLOCK TABLES;

--
-- Table structure for table `evaluate_order_code`
--

DROP TABLE IF EXISTS `evaluate_order_code`;
/*!40101 SET @saved_cs_client     = @@character_set_client */;
/*!50503 SET character_set_client = utf8mb4 */;
CREATE TABLE `evaluate_order_code` (
  `relation_id` bigint NOT NULL,
  `order_id` bigint NOT NULL,
  `code` varchar(255) NOT NULL COMMENT '随机码',
  `count` int NOT NULL COMMENT '数量',
  `deleted` tinyint NOT NULL DEFAULT '0',
  `create_by` varchar(255) NOT NULL,
  `create_time` datetime NOT NULL,
  `update_by` varchar(255) NOT NULL,
  `update_time` datetime NOT NULL,
  PRIMARY KEY (`relation_id`),
  KEY `order_id_index` (`order_id`)
) ENGINE=InnoDB DEFAULT CHARSET=utf8mb4 COLLATE=utf8mb4_0900_ai_ci COMMENT='评议单随机码联表';
/*!40101 SET character_set_client = @saved_cs_client */;

--
-- Dumping data for table `evaluate_order_code`
--

LOCK TABLES `evaluate_order_code` WRITE;
/*!40000 ALTER TABLE `evaluate_order_code` DISABLE KEYS */;
INSERT INTO `evaluate_order_code` VALUES (2070060045717000194,2070044099791073281,'U9CYQP',10,0,'admin','2026-06-25 16:22:29','admin','2026-06-25 16:22:29'),(2070060045717000195,2070044099791073281,'7E1AOM',10,0,'admin','2026-06-25 16:22:29','admin','2026-06-25 16:22:29'),(2070060103569035266,2070044255592689666,'M1JI1C',15,0,'admin','2026-06-25 16:22:43','admin','2026-06-25 16:22:43'),(2070060103569035267,2070044255592689666,'NGQHUW',10,0,'admin','2026-06-25 16:22:43','admin','2026-06-25 16:22:43'),(2070060103569035268,2070044255592689666,'DUJ2HL',12,0,'admin','2026-06-25 16:22:43','admin','2026-06-25 16:22:43'),(2070063840299634689,2070044099791073281,'D9GO2C',1,0,'admin','2026-06-25 16:37:34','admin','2026-06-25 16:37:34'),(2071547912220033025,2071547857815715842,'RJAT4J',10,0,'admin','2026-06-29 18:54:44','admin','2026-06-29 18:54:44'),(2071547912220033026,2071547857815715842,'LEETL0',10,0,'admin','2026-06-29 18:54:44','admin','2026-06-29 18:54:44');
/*!40000 ALTER TABLE `evaluate_order_code` ENABLE KEYS */;
UNLOCK TABLES;

--
-- Table structure for table `evaluate_person`
--

DROP TABLE IF EXISTS `evaluate_person`;
/*!40101 SET @saved_cs_client     = @@character_set_client */;
/*!50503 SET character_set_client = utf8mb4 */;
CREATE TABLE `evaluate_person` (
  `person_id` bigint NOT NULL,
  `order_id` bigint NOT NULL COMMENT '评议单id',
  `name` varchar(50) NOT NULL COMMENT '姓名',
  `department` varchar(50) NOT NULL COMMENT '部门',
  `deleted` tinyint NOT NULL DEFAULT '0',
  `create_by` varchar(50) NOT NULL,
  `create_time` datetime NOT NULL,
  `update_by` varchar(50) NOT NULL,
  `update_time` datetime NOT NULL,
  PRIMARY KEY (`person_id`)
) ENGINE=InnoDB DEFAULT CHARSET=utf8mb4 COLLATE=utf8mb4_0900_ai_ci COMMENT='被评议人表';
/*!40101 SET character_set_client = @saved_cs_client */;

--
-- Dumping data for table `evaluate_person`
--

LOCK TABLES `evaluate_person` WRITE;
/*!40000 ALTER TABLE `evaluate_person` DISABLE KEYS */;
INSERT INTO `evaluate_person` VALUES (2070044099791073282,2070044099791073281,'姓名1','部门1',1,'admin','2026-06-25 15:19:08','admin','2026-06-25 16:37:15'),(2070044255592689667,2070044255592689666,'姓名1','部门1',0,'admin','2026-06-25 15:19:45','admin','2026-06-25 15:19:45'),(2070044435243118594,2070044435243118593,'111','111',0,'admin','2026-06-25 15:20:28','admin','2026-06-25 15:20:28'),(2070044435243118595,2070044435243118593,'222','333',0,'admin','2026-06-25 15:20:28','admin','2026-06-25 15:20:28'),(2070046718949330946,2070046718764781570,'1','1',0,'admin','2026-06-25 15:29:32','admin','2026-06-25 15:29:32'),(2070046718949330947,2070046718764781570,'2','2',0,'admin','2026-06-25 15:29:32','admin','2026-06-25 15:29:32'),(2070046857009041411,2070046857009041410,'1','1',0,'admin','2026-06-25 15:30:05','admin','2026-06-25 15:30:05'),(2070046857009041412,2070046857009041410,'2','2',0,'admin','2026-06-25 15:30:05','admin','2026-06-25 15:30:05'),(2070047771530891267,2070047771530891266,'1','1',0,'admin','2026-06-25 15:33:43','admin','2026-06-25 15:33:43'),(2070047771530891268,2070047771530891266,'2','2',0,'admin','2026-06-25 15:33:43','admin','2026-06-25 15:33:43'),(2070063760645607425,2070044099791073281,'姓名2','部门2',0,'admin','2026-06-25 16:37:15','admin','2026-06-25 16:37:15'),(2070063760645607426,2070044099791073281,'姓名3','部门3',0,'admin','2026-06-25 16:37:15','admin','2026-06-25 16:37:15'),(2071547858142871554,2071547857815715842,'张三','安调中心',0,'admin','2026-06-29 18:54:32','admin','2026-06-29 18:54:32'),(2071547858159648770,2071547857815715842,'李四','技术科',0,'admin','2026-06-29 18:54:32','admin','2026-06-29 18:54:32');
/*!40000 ALTER TABLE `evaluate_person` ENABLE KEYS */;
UNLOCK TABLES;

--
-- Table structure for table `evaluate_receipt`
--

DROP TABLE IF EXISTS `evaluate_receipt`;
/*!40101 SET @saved_cs_client     = @@character_set_client */;
/*!50503 SET character_set_client = utf8mb4 */;
CREATE TABLE `evaluate_receipt` (
  `receipt_id` bigint NOT NULL,
  `order_id` bigint NOT NULL COMMENT '评议单id',
  `intermediate_code` varchar(50) NOT NULL COMMENT '中间码',
  `random_code` varchar(50) NOT NULL COMMENT '回执单随机码',
  `deleted` tinyint NOT NULL DEFAULT '0',
  `create_by` varchar(50) NOT NULL,
  `create_time` datetime NOT NULL,
  `update_by` varchar(50) NOT NULL,
  `update_time` datetime NOT NULL,
  PRIMARY KEY (`receipt_id`),
  KEY `order_id_index` (`order_id`),
  KEY `receipt_code_index` (`random_code`),
  KEY `intermediate_code_index` (`intermediate_code`)
) ENGINE=InnoDB DEFAULT CHARSET=utf8mb4 COLLATE=utf8mb4_0900_ai_ci COMMENT='评议回执单';
/*!40101 SET character_set_client = @saved_cs_client */;

--
-- Dumping data for table `evaluate_receipt`
--

LOCK TABLES `evaluate_receipt` WRITE;
/*!40000 ALTER TABLE `evaluate_receipt` DISABLE KEYS */;
INSERT INTO `evaluate_receipt` VALUES (2071411419400863745,2070044099791073281,'EU6WTW','D9GO2C',0,'admin','2026-06-29 09:52:22','admin','2026-06-29 09:52:22'),(2071488786316099586,2070044255592689666,'X4JKE3','DUJ2HL',0,'admin','2026-06-29 14:59:48','admin','2026-06-29 14:59:48'),(2071543319322828801,2070044099791073281,'EU6WTW','D9GO2C',0,'admin','2026-06-29 18:36:29','admin','2026-06-29 18:36:29'),(2071548149684748290,2071547857815715842,'0BNQSH','RJAT4J',0,'admin','2026-06-29 18:55:41','admin','2026-06-29 18:55:41'),(2071548268874285058,2071547857815715842,'0BNQSH','RJAT4J',0,'admin','2026-06-29 18:56:09','admin','2026-06-29 18:56:09');
/*!40000 ALTER TABLE `evaluate_receipt` ENABLE KEYS */;
UNLOCK TABLES;

--
-- Table structure for table `gen_table`
--

DROP TABLE IF EXISTS `gen_table`;
/*!40101 SET @saved_cs_client     = @@character_set_client */;
/*!50503 SET character_set_client = utf8mb4 */;
CREATE TABLE `gen_table` (
  `table_id` bigint NOT NULL AUTO_INCREMENT COMMENT '编号',
  `table_name` varchar(200) CHARACTER SET utf8mb4 COLLATE utf8mb4_unicode_ci DEFAULT '' COMMENT '表名称',
  `table_comment` varchar(500) CHARACTER SET utf8mb4 COLLATE utf8mb4_unicode_ci DEFAULT '' COMMENT '表描述',
  `sub_table_name` varchar(64) CHARACTER SET utf8mb4 COLLATE utf8mb4_unicode_ci DEFAULT NULL COMMENT '关联子表的表名',
  `sub_table_fk_name` varchar(64) CHARACTER SET utf8mb4 COLLATE utf8mb4_unicode_ci DEFAULT NULL COMMENT '子表关联的外键名',
  `class_name` varchar(100) CHARACTER SET utf8mb4 COLLATE utf8mb4_unicode_ci DEFAULT '' COMMENT '实体类名称',
  `tpl_category` varchar(200) CHARACTER SET utf8mb4 COLLATE utf8mb4_unicode_ci DEFAULT 'crud' COMMENT '使用的模板（crud单表操作 tree树表操作）',
  `tpl_web_type` varchar(30) CHARACTER SET utf8mb4 COLLATE utf8mb4_unicode_ci DEFAULT '' COMMENT '前端模板类型（element-ui模版 element-plus模版）',
  `package_name` varchar(100) CHARACTER SET utf8mb4 COLLATE utf8mb4_unicode_ci DEFAULT NULL COMMENT '生成包路径',
  `module_name` varchar(30) CHARACTER SET utf8mb4 COLLATE utf8mb4_unicode_ci DEFAULT NULL COMMENT '生成模块名',
  `business_name` varchar(30) CHARACTER SET utf8mb4 COLLATE utf8mb4_unicode_ci DEFAULT NULL COMMENT '生成业务名',
  `function_name` varchar(50) CHARACTER SET utf8mb4 COLLATE utf8mb4_unicode_ci DEFAULT NULL COMMENT '生成功能名',
  `function_author` varchar(50) CHARACTER SET utf8mb4 COLLATE utf8mb4_unicode_ci DEFAULT NULL COMMENT '生成功能作者',
  `gen_type` char(1) CHARACTER SET utf8mb4 COLLATE utf8mb4_unicode_ci DEFAULT '0' COMMENT '生成代码方式（0zip压缩包 1自定义路径）',
  `gen_path` varchar(200) CHARACTER SET utf8mb4 COLLATE utf8mb4_unicode_ci DEFAULT '/' COMMENT '生成路径（不填默认项目路径）',
  `options` varchar(1000) CHARACTER SET utf8mb4 COLLATE utf8mb4_unicode_ci DEFAULT NULL COMMENT '其它生成选项',
  `create_by` varchar(64) CHARACTER SET utf8mb4 COLLATE utf8mb4_unicode_ci DEFAULT '' COMMENT '创建者',
  `create_time` datetime DEFAULT NULL COMMENT '创建时间',
  `update_by` varchar(64) CHARACTER SET utf8mb4 COLLATE utf8mb4_unicode_ci DEFAULT '' COMMENT '更新者',
  `update_time` datetime DEFAULT NULL COMMENT '更新时间',
  `remark` varchar(500) CHARACTER SET utf8mb4 COLLATE utf8mb4_unicode_ci DEFAULT NULL COMMENT '备注',
  PRIMARY KEY (`table_id`)
) ENGINE=InnoDB DEFAULT CHARSET=utf8mb4 COLLATE=utf8mb4_unicode_ci COMMENT='代码生成业务表';
/*!40101 SET character_set_client = @saved_cs_client */;

--
-- Dumping data for table `gen_table`
--

LOCK TABLES `gen_table` WRITE;
/*!40000 ALTER TABLE `gen_table` DISABLE KEYS */;
/*!40000 ALTER TABLE `gen_table` ENABLE KEYS */;
UNLOCK TABLES;

--
-- Table structure for table `gen_table_column`
--

DROP TABLE IF EXISTS `gen_table_column`;
/*!40101 SET @saved_cs_client     = @@character_set_client */;
/*!50503 SET character_set_client = utf8mb4 */;
CREATE TABLE `gen_table_column` (
  `column_id` bigint NOT NULL AUTO_INCREMENT COMMENT '编号',
  `table_id` bigint DEFAULT NULL COMMENT '归属表编号',
  `column_name` varchar(200) CHARACTER SET utf8mb4 COLLATE utf8mb4_unicode_ci DEFAULT NULL COMMENT '列名称',
  `column_comment` varchar(500) CHARACTER SET utf8mb4 COLLATE utf8mb4_unicode_ci DEFAULT NULL COMMENT '列描述',
  `column_type` varchar(100) CHARACTER SET utf8mb4 COLLATE utf8mb4_unicode_ci DEFAULT NULL COMMENT '列类型',
  `java_type` varchar(500) CHARACTER SET utf8mb4 COLLATE utf8mb4_unicode_ci DEFAULT NULL COMMENT 'JAVA类型',
  `java_field` varchar(200) CHARACTER SET utf8mb4 COLLATE utf8mb4_unicode_ci DEFAULT NULL COMMENT 'JAVA字段名',
  `is_pk` char(1) CHARACTER SET utf8mb4 COLLATE utf8mb4_unicode_ci DEFAULT NULL COMMENT '是否主键（1是）',
  `is_increment` char(1) CHARACTER SET utf8mb4 COLLATE utf8mb4_unicode_ci DEFAULT NULL COMMENT '是否自增（1是）',
  `is_required` char(1) CHARACTER SET utf8mb4 COLLATE utf8mb4_unicode_ci DEFAULT NULL COMMENT '是否必填（1是）',
  `is_insert` char(1) CHARACTER SET utf8mb4 COLLATE utf8mb4_unicode_ci DEFAULT NULL COMMENT '是否为插入字段（1是）',
  `is_edit` char(1) CHARACTER SET utf8mb4 COLLATE utf8mb4_unicode_ci DEFAULT NULL COMMENT '是否编辑字段（1是）',
  `is_list` char(1) CHARACTER SET utf8mb4 COLLATE utf8mb4_unicode_ci DEFAULT NULL COMMENT '是否列表字段（1是）',
  `is_query` char(1) CHARACTER SET utf8mb4 COLLATE utf8mb4_unicode_ci DEFAULT NULL COMMENT '是否查询字段（1是）',
  `query_type` varchar(200) CHARACTER SET utf8mb4 COLLATE utf8mb4_unicode_ci DEFAULT 'EQ' COMMENT '查询方式（等于、不等于、大于、小于、范围）',
  `html_type` varchar(200) CHARACTER SET utf8mb4 COLLATE utf8mb4_unicode_ci DEFAULT NULL COMMENT '显示类型（文本框、文本域、下拉框、复选框、单选框、日期控件）',
  `dict_type` varchar(200) CHARACTER SET utf8mb4 COLLATE utf8mb4_unicode_ci DEFAULT '' COMMENT '字典类型',
  `sort` int DEFAULT NULL COMMENT '排序',
  `create_by` varchar(64) CHARACTER SET utf8mb4 COLLATE utf8mb4_unicode_ci DEFAULT '' COMMENT '创建者',
  `create_time` datetime DEFAULT NULL COMMENT '创建时间',
  `update_by` varchar(64) CHARACTER SET utf8mb4 COLLATE utf8mb4_unicode_ci DEFAULT '' COMMENT '更新者',
  `update_time` datetime DEFAULT NULL COMMENT '更新时间',
  PRIMARY KEY (`column_id`)
) ENGINE=InnoDB DEFAULT CHARSET=utf8mb4 COLLATE=utf8mb4_unicode_ci COMMENT='代码生成业务表字段';
/*!40101 SET character_set_client = @saved_cs_client */;

--
-- Dumping data for table `gen_table_column`
--

LOCK TABLES `gen_table_column` WRITE;
/*!40000 ALTER TABLE `gen_table_column` DISABLE KEYS */;
/*!40000 ALTER TABLE `gen_table_column` ENABLE KEYS */;
UNLOCK TABLES;

--
-- Table structure for table `qrtz_blob_triggers`
--

DROP TABLE IF EXISTS `qrtz_blob_triggers`;
/*!40101 SET @saved_cs_client     = @@character_set_client */;
/*!50503 SET character_set_client = utf8mb4 */;
CREATE TABLE `qrtz_blob_triggers` (
  `sched_name` varchar(120) CHARACTER SET utf8mb4 COLLATE utf8mb4_unicode_ci NOT NULL COMMENT '调度名称',
  `trigger_name` varchar(200) CHARACTER SET utf8mb4 COLLATE utf8mb4_unicode_ci NOT NULL COMMENT 'qrtz_triggers表trigger_name的外键',
  `trigger_group` varchar(200) CHARACTER SET utf8mb4 COLLATE utf8mb4_unicode_ci NOT NULL COMMENT 'qrtz_triggers表trigger_group的外键',
  `blob_data` blob COMMENT '存放持久化Trigger对象',
  PRIMARY KEY (`sched_name`,`trigger_name`,`trigger_group`),
  CONSTRAINT `qrtz_blob_triggers_ibfk_1` FOREIGN KEY (`sched_name`, `trigger_name`, `trigger_group`) REFERENCES `qrtz_triggers` (`sched_name`, `trigger_name`, `trigger_group`)
) ENGINE=InnoDB DEFAULT CHARSET=utf8mb4 COLLATE=utf8mb4_unicode_ci COMMENT='Blob类型的触发器表';
/*!40101 SET character_set_client = @saved_cs_client */;

--
-- Dumping data for table `qrtz_blob_triggers`
--

LOCK TABLES `qrtz_blob_triggers` WRITE;
/*!40000 ALTER TABLE `qrtz_blob_triggers` DISABLE KEYS */;
/*!40000 ALTER TABLE `qrtz_blob_triggers` ENABLE KEYS */;
UNLOCK TABLES;

--
-- Table structure for table `qrtz_calendars`
--

DROP TABLE IF EXISTS `qrtz_calendars`;
/*!40101 SET @saved_cs_client     = @@character_set_client */;
/*!50503 SET character_set_client = utf8mb4 */;
CREATE TABLE `qrtz_calendars` (
  `sched_name` varchar(120) CHARACTER SET utf8mb4 COLLATE utf8mb4_unicode_ci NOT NULL COMMENT '调度名称',
  `calendar_name` varchar(200) CHARACTER SET utf8mb4 COLLATE utf8mb4_unicode_ci NOT NULL COMMENT '日历名称',
  `calendar` blob NOT NULL COMMENT '存放持久化calendar对象',
  PRIMARY KEY (`sched_name`,`calendar_name`)
) ENGINE=InnoDB DEFAULT CHARSET=utf8mb4 COLLATE=utf8mb4_unicode_ci COMMENT='日历信息表';
/*!40101 SET character_set_client = @saved_cs_client */;

--
-- Dumping data for table `qrtz_calendars`
--

LOCK TABLES `qrtz_calendars` WRITE;
/*!40000 ALTER TABLE `qrtz_calendars` DISABLE KEYS */;
/*!40000 ALTER TABLE `qrtz_calendars` ENABLE KEYS */;
UNLOCK TABLES;

--
-- Table structure for table `qrtz_cron_triggers`
--

DROP TABLE IF EXISTS `qrtz_cron_triggers`;
/*!40101 SET @saved_cs_client     = @@character_set_client */;
/*!50503 SET character_set_client = utf8mb4 */;
CREATE TABLE `qrtz_cron_triggers` (
  `sched_name` varchar(120) CHARACTER SET utf8mb4 COLLATE utf8mb4_unicode_ci NOT NULL COMMENT '调度名称',
  `trigger_name` varchar(200) CHARACTER SET utf8mb4 COLLATE utf8mb4_unicode_ci NOT NULL COMMENT 'qrtz_triggers表trigger_name的外键',
  `trigger_group` varchar(200) CHARACTER SET utf8mb4 COLLATE utf8mb4_unicode_ci NOT NULL COMMENT 'qrtz_triggers表trigger_group的外键',
  `cron_expression` varchar(200) CHARACTER SET utf8mb4 COLLATE utf8mb4_unicode_ci NOT NULL COMMENT 'cron表达式',
  `time_zone_id` varchar(80) CHARACTER SET utf8mb4 COLLATE utf8mb4_unicode_ci DEFAULT NULL COMMENT '时区',
  PRIMARY KEY (`sched_name`,`trigger_name`,`trigger_group`),
  CONSTRAINT `qrtz_cron_triggers_ibfk_1` FOREIGN KEY (`sched_name`, `trigger_name`, `trigger_group`) REFERENCES `qrtz_triggers` (`sched_name`, `trigger_name`, `trigger_group`)
) ENGINE=InnoDB DEFAULT CHARSET=utf8mb4 COLLATE=utf8mb4_unicode_ci COMMENT='Cron类型的触发器表';
/*!40101 SET character_set_client = @saved_cs_client */;

--
-- Dumping data for table `qrtz_cron_triggers`
--

LOCK TABLES `qrtz_cron_triggers` WRITE;
/*!40000 ALTER TABLE `qrtz_cron_triggers` DISABLE KEYS */;
/*!40000 ALTER TABLE `qrtz_cron_triggers` ENABLE KEYS */;
UNLOCK TABLES;

--
-- Table structure for table `qrtz_fired_triggers`
--

DROP TABLE IF EXISTS `qrtz_fired_triggers`;
/*!40101 SET @saved_cs_client     = @@character_set_client */;
/*!50503 SET character_set_client = utf8mb4 */;
CREATE TABLE `qrtz_fired_triggers` (
  `sched_name` varchar(120) CHARACTER SET utf8mb4 COLLATE utf8mb4_unicode_ci NOT NULL COMMENT '调度名称',
  `entry_id` varchar(95) CHARACTER SET utf8mb4 COLLATE utf8mb4_unicode_ci NOT NULL COMMENT '调度器实例id',
  `trigger_name` varchar(200) CHARACTER SET utf8mb4 COLLATE utf8mb4_unicode_ci NOT NULL COMMENT 'qrtz_triggers表trigger_name的外键',
  `trigger_group` varchar(200) CHARACTER SET utf8mb4 COLLATE utf8mb4_unicode_ci NOT NULL COMMENT 'qrtz_triggers表trigger_group的外键',
  `instance_name` varchar(200) CHARACTER SET utf8mb4 COLLATE utf8mb4_unicode_ci NOT NULL COMMENT '调度器实例名',
  `fired_time` bigint NOT NULL COMMENT '触发的时间',
  `sched_time` bigint NOT NULL COMMENT '定时器制定的时间',
  `priority` int NOT NULL COMMENT '优先级',
  `state` varchar(16) CHARACTER SET utf8mb4 COLLATE utf8mb4_unicode_ci NOT NULL COMMENT '状态',
  `job_name` varchar(200) CHARACTER SET utf8mb4 COLLATE utf8mb4_unicode_ci DEFAULT NULL COMMENT '任务名称',
  `job_group` varchar(200) CHARACTER SET utf8mb4 COLLATE utf8mb4_unicode_ci DEFAULT NULL COMMENT '任务组名',
  `is_nonconcurrent` varchar(1) CHARACTER SET utf8mb4 COLLATE utf8mb4_unicode_ci DEFAULT NULL COMMENT '是否并发',
  `requests_recovery` varchar(1) CHARACTER SET utf8mb4 COLLATE utf8mb4_unicode_ci DEFAULT NULL COMMENT '是否接受恢复执行',
  PRIMARY KEY (`sched_name`,`entry_id`)
) ENGINE=InnoDB DEFAULT CHARSET=utf8mb4 COLLATE=utf8mb4_unicode_ci COMMENT='已触发的触发器表';
/*!40101 SET character_set_client = @saved_cs_client */;

--
-- Dumping data for table `qrtz_fired_triggers`
--

LOCK TABLES `qrtz_fired_triggers` WRITE;
/*!40000 ALTER TABLE `qrtz_fired_triggers` DISABLE KEYS */;
/*!40000 ALTER TABLE `qrtz_fired_triggers` ENABLE KEYS */;
UNLOCK TABLES;

--
-- Table structure for table `qrtz_job_details`
--

DROP TABLE IF EXISTS `qrtz_job_details`;
/*!40101 SET @saved_cs_client     = @@character_set_client */;
/*!50503 SET character_set_client = utf8mb4 */;
CREATE TABLE `qrtz_job_details` (
  `sched_name` varchar(120) CHARACTER SET utf8mb4 COLLATE utf8mb4_unicode_ci NOT NULL COMMENT '调度名称',
  `job_name` varchar(200) CHARACTER SET utf8mb4 COLLATE utf8mb4_unicode_ci NOT NULL COMMENT '任务名称',
  `job_group` varchar(200) CHARACTER SET utf8mb4 COLLATE utf8mb4_unicode_ci NOT NULL COMMENT '任务组名',
  `description` varchar(250) CHARACTER SET utf8mb4 COLLATE utf8mb4_unicode_ci DEFAULT NULL COMMENT '相关介绍',
  `job_class_name` varchar(250) CHARACTER SET utf8mb4 COLLATE utf8mb4_unicode_ci NOT NULL COMMENT '执行任务类名称',
  `is_durable` varchar(1) CHARACTER SET utf8mb4 COLLATE utf8mb4_unicode_ci NOT NULL COMMENT '是否持久化',
  `is_nonconcurrent` varchar(1) CHARACTER SET utf8mb4 COLLATE utf8mb4_unicode_ci NOT NULL COMMENT '是否并发',
  `is_update_data` varchar(1) CHARACTER SET utf8mb4 COLLATE utf8mb4_unicode_ci NOT NULL COMMENT '是否更新数据',
  `requests_recovery` varchar(1) CHARACTER SET utf8mb4 COLLATE utf8mb4_unicode_ci NOT NULL COMMENT '是否接受恢复执行',
  `job_data` blob COMMENT '存放持久化job对象',
  PRIMARY KEY (`sched_name`,`job_name`,`job_group`)
) ENGINE=InnoDB DEFAULT CHARSET=utf8mb4 COLLATE=utf8mb4_unicode_ci COMMENT='任务详细信息表';
/*!40101 SET character_set_client = @saved_cs_client */;

--
-- Dumping data for table `qrtz_job_details`
--

LOCK TABLES `qrtz_job_details` WRITE;
/*!40000 ALTER TABLE `qrtz_job_details` DISABLE KEYS */;
/*!40000 ALTER TABLE `qrtz_job_details` ENABLE KEYS */;
UNLOCK TABLES;

--
-- Table structure for table `qrtz_locks`
--

DROP TABLE IF EXISTS `qrtz_locks`;
/*!40101 SET @saved_cs_client     = @@character_set_client */;
/*!50503 SET character_set_client = utf8mb4 */;
CREATE TABLE `qrtz_locks` (
  `sched_name` varchar(120) CHARACTER SET utf8mb4 COLLATE utf8mb4_unicode_ci NOT NULL COMMENT '调度名称',
  `lock_name` varchar(40) CHARACTER SET utf8mb4 COLLATE utf8mb4_unicode_ci NOT NULL COMMENT '悲观锁名称',
  PRIMARY KEY (`sched_name`,`lock_name`)
) ENGINE=InnoDB DEFAULT CHARSET=utf8mb4 COLLATE=utf8mb4_unicode_ci COMMENT='存储的悲观锁信息表';
/*!40101 SET character_set_client = @saved_cs_client */;

--
-- Dumping data for table `qrtz_locks`
--

LOCK TABLES `qrtz_locks` WRITE;
/*!40000 ALTER TABLE `qrtz_locks` DISABLE KEYS */;
/*!40000 ALTER TABLE `qrtz_locks` ENABLE KEYS */;
UNLOCK TABLES;

--
-- Table structure for table `qrtz_paused_trigger_grps`
--

DROP TABLE IF EXISTS `qrtz_paused_trigger_grps`;
/*!40101 SET @saved_cs_client     = @@character_set_client */;
/*!50503 SET character_set_client = utf8mb4 */;
CREATE TABLE `qrtz_paused_trigger_grps` (
  `sched_name` varchar(120) CHARACTER SET utf8mb4 COLLATE utf8mb4_unicode_ci NOT NULL COMMENT '调度名称',
  `trigger_group` varchar(200) CHARACTER SET utf8mb4 COLLATE utf8mb4_unicode_ci NOT NULL COMMENT 'qrtz_triggers表trigger_group的外键',
  PRIMARY KEY (`sched_name`,`trigger_group`)
) ENGINE=InnoDB DEFAULT CHARSET=utf8mb4 COLLATE=utf8mb4_unicode_ci COMMENT='暂停的触发器表';
/*!40101 SET character_set_client = @saved_cs_client */;

--
-- Dumping data for table `qrtz_paused_trigger_grps`
--

LOCK TABLES `qrtz_paused_trigger_grps` WRITE;
/*!40000 ALTER TABLE `qrtz_paused_trigger_grps` DISABLE KEYS */;
/*!40000 ALTER TABLE `qrtz_paused_trigger_grps` ENABLE KEYS */;
UNLOCK TABLES;

--
-- Table structure for table `qrtz_scheduler_state`
--

DROP TABLE IF EXISTS `qrtz_scheduler_state`;
/*!40101 SET @saved_cs_client     = @@character_set_client */;
/*!50503 SET character_set_client = utf8mb4 */;
CREATE TABLE `qrtz_scheduler_state` (
  `sched_name` varchar(120) CHARACTER SET utf8mb4 COLLATE utf8mb4_unicode_ci NOT NULL COMMENT '调度名称',
  `instance_name` varchar(200) CHARACTER SET utf8mb4 COLLATE utf8mb4_unicode_ci NOT NULL COMMENT '实例名称',
  `last_checkin_time` bigint NOT NULL COMMENT '上次检查时间',
  `checkin_interval` bigint NOT NULL COMMENT '检查间隔时间',
  PRIMARY KEY (`sched_name`,`instance_name`)
) ENGINE=InnoDB DEFAULT CHARSET=utf8mb4 COLLATE=utf8mb4_unicode_ci COMMENT='调度器状态表';
/*!40101 SET character_set_client = @saved_cs_client */;

--
-- Dumping data for table `qrtz_scheduler_state`
--

LOCK TABLES `qrtz_scheduler_state` WRITE;
/*!40000 ALTER TABLE `qrtz_scheduler_state` DISABLE KEYS */;
/*!40000 ALTER TABLE `qrtz_scheduler_state` ENABLE KEYS */;
UNLOCK TABLES;

--
-- Table structure for table `qrtz_simple_triggers`
--

DROP TABLE IF EXISTS `qrtz_simple_triggers`;
/*!40101 SET @saved_cs_client     = @@character_set_client */;
/*!50503 SET character_set_client = utf8mb4 */;
CREATE TABLE `qrtz_simple_triggers` (
  `sched_name` varchar(120) CHARACTER SET utf8mb4 COLLATE utf8mb4_unicode_ci NOT NULL COMMENT '调度名称',
  `trigger_name` varchar(200) CHARACTER SET utf8mb4 COLLATE utf8mb4_unicode_ci NOT NULL COMMENT 'qrtz_triggers表trigger_name的外键',
  `trigger_group` varchar(200) CHARACTER SET utf8mb4 COLLATE utf8mb4_unicode_ci NOT NULL COMMENT 'qrtz_triggers表trigger_group的外键',
  `repeat_count` bigint NOT NULL COMMENT '重复的次数统计',
  `repeat_interval` bigint NOT NULL COMMENT '重复的间隔时间',
  `times_triggered` bigint NOT NULL COMMENT '已经触发的次数',
  PRIMARY KEY (`sched_name`,`trigger_name`,`trigger_group`),
  CONSTRAINT `qrtz_simple_triggers_ibfk_1` FOREIGN KEY (`sched_name`, `trigger_name`, `trigger_group`) REFERENCES `qrtz_triggers` (`sched_name`, `trigger_name`, `trigger_group`)
) ENGINE=InnoDB DEFAULT CHARSET=utf8mb4 COLLATE=utf8mb4_unicode_ci COMMENT='简单触发器的信息表';
/*!40101 SET character_set_client = @saved_cs_client */;

--
-- Dumping data for table `qrtz_simple_triggers`
--

LOCK TABLES `qrtz_simple_triggers` WRITE;
/*!40000 ALTER TABLE `qrtz_simple_triggers` DISABLE KEYS */;
/*!40000 ALTER TABLE `qrtz_simple_triggers` ENABLE KEYS */;
UNLOCK TABLES;

--
-- Table structure for table `qrtz_simprop_triggers`
--

DROP TABLE IF EXISTS `qrtz_simprop_triggers`;
/*!40101 SET @saved_cs_client     = @@character_set_client */;
/*!50503 SET character_set_client = utf8mb4 */;
CREATE TABLE `qrtz_simprop_triggers` (
  `sched_name` varchar(120) CHARACTER SET utf8mb4 COLLATE utf8mb4_unicode_ci NOT NULL COMMENT '调度名称',
  `trigger_name` varchar(200) CHARACTER SET utf8mb4 COLLATE utf8mb4_unicode_ci NOT NULL COMMENT 'qrtz_triggers表trigger_name的外键',
  `trigger_group` varchar(200) CHARACTER SET utf8mb4 COLLATE utf8mb4_unicode_ci NOT NULL COMMENT 'qrtz_triggers表trigger_group的外键',
  `str_prop_1` varchar(512) CHARACTER SET utf8mb4 COLLATE utf8mb4_unicode_ci DEFAULT NULL COMMENT 'String类型的trigger的第一个参数',
  `str_prop_2` varchar(512) CHARACTER SET utf8mb4 COLLATE utf8mb4_unicode_ci DEFAULT NULL COMMENT 'String类型的trigger的第二个参数',
  `str_prop_3` varchar(512) CHARACTER SET utf8mb4 COLLATE utf8mb4_unicode_ci DEFAULT NULL COMMENT 'String类型的trigger的第三个参数',
  `int_prop_1` int DEFAULT NULL COMMENT 'int类型的trigger的第一个参数',
  `int_prop_2` int DEFAULT NULL COMMENT 'int类型的trigger的第二个参数',
  `long_prop_1` bigint DEFAULT NULL COMMENT 'long类型的trigger的第一个参数',
  `long_prop_2` bigint DEFAULT NULL COMMENT 'long类型的trigger的第二个参数',
  `dec_prop_1` decimal(13,4) DEFAULT NULL COMMENT 'decimal类型的trigger的第一个参数',
  `dec_prop_2` decimal(13,4) DEFAULT NULL COMMENT 'decimal类型的trigger的第二个参数',
  `bool_prop_1` varchar(1) CHARACTER SET utf8mb4 COLLATE utf8mb4_unicode_ci DEFAULT NULL COMMENT 'Boolean类型的trigger的第一个参数',
  `bool_prop_2` varchar(1) CHARACTER SET utf8mb4 COLLATE utf8mb4_unicode_ci DEFAULT NULL COMMENT 'Boolean类型的trigger的第二个参数',
  PRIMARY KEY (`sched_name`,`trigger_name`,`trigger_group`),
  CONSTRAINT `qrtz_simprop_triggers_ibfk_1` FOREIGN KEY (`sched_name`, `trigger_name`, `trigger_group`) REFERENCES `qrtz_triggers` (`sched_name`, `trigger_name`, `trigger_group`)
) ENGINE=InnoDB DEFAULT CHARSET=utf8mb4 COLLATE=utf8mb4_unicode_ci COMMENT='同步机制的行锁表';
/*!40101 SET character_set_client = @saved_cs_client */;

--
-- Dumping data for table `qrtz_simprop_triggers`
--

LOCK TABLES `qrtz_simprop_triggers` WRITE;
/*!40000 ALTER TABLE `qrtz_simprop_triggers` DISABLE KEYS */;
/*!40000 ALTER TABLE `qrtz_simprop_triggers` ENABLE KEYS */;
UNLOCK TABLES;

--
-- Table structure for table `qrtz_triggers`
--

DROP TABLE IF EXISTS `qrtz_triggers`;
/*!40101 SET @saved_cs_client     = @@character_set_client */;
/*!50503 SET character_set_client = utf8mb4 */;
CREATE TABLE `qrtz_triggers` (
  `sched_name` varchar(120) CHARACTER SET utf8mb4 COLLATE utf8mb4_unicode_ci NOT NULL COMMENT '调度名称',
  `trigger_name` varchar(200) CHARACTER SET utf8mb4 COLLATE utf8mb4_unicode_ci NOT NULL COMMENT '触发器的名字',
  `trigger_group` varchar(200) CHARACTER SET utf8mb4 COLLATE utf8mb4_unicode_ci NOT NULL COMMENT '触发器所属组的名字',
  `job_name` varchar(200) CHARACTER SET utf8mb4 COLLATE utf8mb4_unicode_ci NOT NULL COMMENT 'qrtz_job_details表job_name的外键',
  `job_group` varchar(200) CHARACTER SET utf8mb4 COLLATE utf8mb4_unicode_ci NOT NULL COMMENT 'qrtz_job_details表job_group的外键',
  `description` varchar(250) CHARACTER SET utf8mb4 COLLATE utf8mb4_unicode_ci DEFAULT NULL COMMENT '相关介绍',
  `next_fire_time` bigint DEFAULT NULL COMMENT '上一次触发时间（毫秒）',
  `prev_fire_time` bigint DEFAULT NULL COMMENT '下一次触发时间（默认为-1表示不触发）',
  `priority` int DEFAULT NULL COMMENT '优先级',
  `trigger_state` varchar(16) CHARACTER SET utf8mb4 COLLATE utf8mb4_unicode_ci NOT NULL COMMENT '触发器状态',
  `trigger_type` varchar(8) CHARACTER SET utf8mb4 COLLATE utf8mb4_unicode_ci NOT NULL COMMENT '触发器的类型',
  `start_time` bigint NOT NULL COMMENT '开始时间',
  `end_time` bigint DEFAULT NULL COMMENT '结束时间',
  `calendar_name` varchar(200) CHARACTER SET utf8mb4 COLLATE utf8mb4_unicode_ci DEFAULT NULL COMMENT '日程表名称',
  `misfire_instr` smallint DEFAULT NULL COMMENT '补偿执行的策略',
  `job_data` blob COMMENT '存放持久化job对象',
  PRIMARY KEY (`sched_name`,`trigger_name`,`trigger_group`),
  KEY `sched_name` (`sched_name`,`job_name`,`job_group`),
  CONSTRAINT `qrtz_triggers_ibfk_1` FOREIGN KEY (`sched_name`, `job_name`, `job_group`) REFERENCES `qrtz_job_details` (`sched_name`, `job_name`, `job_group`)
) ENGINE=InnoDB DEFAULT CHARSET=utf8mb4 COLLATE=utf8mb4_unicode_ci COMMENT='触发器详细信息表';
/*!40101 SET character_set_client = @saved_cs_client */;

--
-- Dumping data for table `qrtz_triggers`
--

LOCK TABLES `qrtz_triggers` WRITE;
/*!40000 ALTER TABLE `qrtz_triggers` DISABLE KEYS */;
/*!40000 ALTER TABLE `qrtz_triggers` ENABLE KEYS */;
UNLOCK TABLES;

--
-- Table structure for table `sys_config`
--

DROP TABLE IF EXISTS `sys_config`;
/*!40101 SET @saved_cs_client     = @@character_set_client */;
/*!50503 SET character_set_client = utf8mb4 */;
CREATE TABLE `sys_config` (
  `config_id` int NOT NULL AUTO_INCREMENT COMMENT '参数主键',
  `config_name` varchar(100) CHARACTER SET utf8mb4 COLLATE utf8mb4_unicode_ci DEFAULT '' COMMENT '参数名称',
  `config_key` varchar(100) CHARACTER SET utf8mb4 COLLATE utf8mb4_unicode_ci DEFAULT '' COMMENT '参数键名',
  `config_value` varchar(500) CHARACTER SET utf8mb4 COLLATE utf8mb4_unicode_ci DEFAULT '' COMMENT '参数键值',
  `config_type` char(1) CHARACTER SET utf8mb4 COLLATE utf8mb4_unicode_ci DEFAULT 'N' COMMENT '系统内置（Y是 N否）',
  `create_by` varchar(64) CHARACTER SET utf8mb4 COLLATE utf8mb4_unicode_ci DEFAULT '' COMMENT '创建者',
  `create_time` datetime DEFAULT NULL COMMENT '创建时间',
  `update_by` varchar(64) CHARACTER SET utf8mb4 COLLATE utf8mb4_unicode_ci DEFAULT '' COMMENT '更新者',
  `update_time` datetime DEFAULT NULL COMMENT '更新时间',
  `remark` varchar(500) CHARACTER SET utf8mb4 COLLATE utf8mb4_unicode_ci DEFAULT NULL COMMENT '备注',
  PRIMARY KEY (`config_id`)
) ENGINE=InnoDB AUTO_INCREMENT=100 DEFAULT CHARSET=utf8mb4 COLLATE=utf8mb4_unicode_ci COMMENT='参数配置表';
/*!40101 SET character_set_client = @saved_cs_client */;

--
-- Dumping data for table `sys_config`
--

LOCK TABLES `sys_config` WRITE;
/*!40000 ALTER TABLE `sys_config` DISABLE KEYS */;
INSERT INTO `sys_config` VALUES (1,'主框架页-默认皮肤样式名称','sys.index.skinName','skin-blue','Y','admin','2025-07-19 12:25:23','',NULL,'蓝色 skin-blue、绿色 skin-green、紫色 skin-purple、红色 skin-red、黄色 skin-yellow'),(2,'用户管理-账号初始密码','sys.user.initPassword','123456','Y','admin','2025-07-19 12:25:23','',NULL,'初始化密码 123456'),(3,'主框架页-侧边栏主题','sys.index.sideTheme','theme-dark','Y','admin','2025-07-19 12:25:23','',NULL,'深色主题theme-dark，浅色主题theme-light'),(4,'账号自助-验证码开关','sys.account.captchaEnabled','true','Y','admin','2025-07-19 12:25:23','',NULL,'是否开启验证码功能（true开启，false关闭）'),(5,'账号自助-是否开启用户注册功能','sys.account.registerUser','false','Y','admin','2025-07-19 12:25:23','',NULL,'是否开启注册用户功能（true开启，false关闭）'),(6,'用户登录-黑名单列表','sys.login.blackIPList','','Y','admin','2025-07-19 12:25:23','',NULL,'设置登录IP黑名单限制，多个匹配项以;分隔，支持匹配（*通配、网段）'),(7,'用户管理-初始密码修改策略','sys.account.initPasswordModify','1','Y','admin','2025-07-19 12:25:23','',NULL,'0：初始密码修改策略关闭，没有任何提示，1：提醒用户，如果未修改初始密码，则在登录时就会提醒修改密码对话框'),(8,'用户管理-账号密码更新周期','sys.account.passwordValidateDays','0','Y','admin','2025-07-19 12:25:23','',NULL,'密码更新周期（填写数字，数据初始化值为0不限制，若修改必须为大于0小于365的正整数），如果超过这个周期登录系统时，则在登录时就会提醒修改密码对话框');
/*!40000 ALTER TABLE `sys_config` ENABLE KEYS */;
UNLOCK TABLES;

--
-- Table structure for table `sys_dept`
--

DROP TABLE IF EXISTS `sys_dept`;
/*!40101 SET @saved_cs_client     = @@character_set_client */;
/*!50503 SET character_set_client = utf8mb4 */;
CREATE TABLE `sys_dept` (
  `dept_id` bigint NOT NULL AUTO_INCREMENT COMMENT '部门id',
  `parent_id` bigint DEFAULT '0' COMMENT '父部门id',
  `ancestors` varchar(50) CHARACTER SET utf8mb4 COLLATE utf8mb4_unicode_ci DEFAULT '' COMMENT '祖级列表',
  `dept_name` varchar(30) CHARACTER SET utf8mb4 COLLATE utf8mb4_unicode_ci DEFAULT '' COMMENT '部门名称',
  `order_num` int DEFAULT '0' COMMENT '显示顺序',
  `leader` varchar(20) CHARACTER SET utf8mb4 COLLATE utf8mb4_unicode_ci DEFAULT NULL COMMENT '负责人',
  `phone` varchar(11) CHARACTER SET utf8mb4 COLLATE utf8mb4_unicode_ci DEFAULT NULL COMMENT '联系电话',
  `email` varchar(50) CHARACTER SET utf8mb4 COLLATE utf8mb4_unicode_ci DEFAULT NULL COMMENT '邮箱',
  `status` char(1) CHARACTER SET utf8mb4 COLLATE utf8mb4_unicode_ci DEFAULT '0' COMMENT '部门状态（0正常 1停用）',
  `del_flag` char(1) CHARACTER SET utf8mb4 COLLATE utf8mb4_unicode_ci DEFAULT '0' COMMENT '删除标志（0代表存在 2代表删除）',
  `create_by` varchar(64) CHARACTER SET utf8mb4 COLLATE utf8mb4_unicode_ci DEFAULT '' COMMENT '创建者',
  `create_time` datetime DEFAULT NULL COMMENT '创建时间',
  `update_by` varchar(64) CHARACTER SET utf8mb4 COLLATE utf8mb4_unicode_ci DEFAULT '' COMMENT '更新者',
  `update_time` datetime DEFAULT NULL COMMENT '更新时间',
  PRIMARY KEY (`dept_id`)
) ENGINE=InnoDB AUTO_INCREMENT=221 DEFAULT CHARSET=utf8mb4 COLLATE=utf8mb4_unicode_ci COMMENT='部门表';
/*!40101 SET character_set_client = @saved_cs_client */;

--
-- Dumping data for table `sys_dept`
--

LOCK TABLES `sys_dept` WRITE;
/*!40000 ALTER TABLE `sys_dept` DISABLE KEYS */;
INSERT INTO `sys_dept` VALUES (100,0,'0','成都房建公寓段',0,NULL,NULL,NULL,'0','0','admin','2025-07-19 13:46:18','',NULL),(201,100,'0,100','段领导',0,NULL,NULL,NULL,'0','0','admin','2025-07-19 13:49:28','',NULL),(202,100,'0,100','党群工作科',1,NULL,NULL,NULL,'0','0','admin','2025-07-19 13:49:41','admin','2025-07-19 13:49:49'),(203,100,'0,100','办公室（党委办公室）',2,NULL,NULL,NULL,'0','0','admin','2025-07-19 13:50:09','',NULL),(204,100,'0,100','劳动人事科（党委组织科）',3,NULL,NULL,NULL,'0','0','admin','2025-07-19 13:50:30','',NULL),(205,100,'0,100','计划财务科',4,NULL,NULL,NULL,'0','0','admin','2025-07-19 13:50:44','',NULL),(206,100,'0,100','技术科',5,NULL,NULL,NULL,'0','0','admin','2025-07-19 13:50:53','',NULL),(207,100,'0,100','公寓科',6,NULL,NULL,NULL,'0','0','admin','2025-07-19 13:51:12','',NULL),(208,100,'0,100','安全培训科',7,NULL,NULL,NULL,'0','0','admin','2025-07-19 13:51:28','',NULL),(209,100,'0,100','房建检测和维修中心',8,NULL,NULL,NULL,'0','0','admin','2025-07-19 13:51:49','',NULL),(210,100,'0,100','安全生产调度指挥中心',9,NULL,NULL,NULL,'0','0','admin','2025-07-19 13:52:06','',NULL),(211,100,'0,100','成都房建车间',10,NULL,NULL,NULL,'0','0','admin','2025-07-19 13:52:21','',NULL),(212,100,'0,100','成都西房建车间',11,NULL,NULL,NULL,'0','0','admin','2025-07-19 13:52:35','',NULL),(213,100,'0,100','绵阳房建车间',12,NULL,NULL,NULL,'0','0','admin','2025-07-19 13:52:49','',NULL),(214,100,'0,100','峨眉房建车间',13,NULL,NULL,NULL,'0','0','admin','2025-07-19 13:53:03','',NULL),(215,100,'0,100','广元房建车间',14,NULL,NULL,NULL,'0','0','admin','2025-07-19 13:53:20','',NULL),(216,100,'0,100','松潘房建公寓车间',15,NULL,NULL,NULL,'0','0','admin','2025-07-19 13:53:47','',NULL),(217,100,'0,100','西昌房建公寓车间',16,NULL,NULL,NULL,'0','0','admin','2025-07-19 13:54:17','',NULL),(218,100,'0,100','攀枝花房建公寓车间',17,NULL,NULL,NULL,'0','0','admin','2025-07-19 13:54:40','',NULL),(219,100,'0,100','乐至房建公寓车间筹备组',18,NULL,NULL,NULL,'0','0','admin','2025-07-19 13:55:14','',NULL),(220,100,'0,100','新线介入小组',19,NULL,NULL,NULL,'0','0','admin','2025-07-19 13:55:38','',NULL);
/*!40000 ALTER TABLE `sys_dept` ENABLE KEYS */;
UNLOCK TABLES;

--
-- Table structure for table `sys_dict_data`
--

DROP TABLE IF EXISTS `sys_dict_data`;
/*!40101 SET @saved_cs_client     = @@character_set_client */;
/*!50503 SET character_set_client = utf8mb4 */;
CREATE TABLE `sys_dict_data` (
  `dict_code` bigint NOT NULL AUTO_INCREMENT COMMENT '字典编码',
  `dict_sort` int DEFAULT '0' COMMENT '字典排序',
  `dict_label` varchar(100) CHARACTER SET utf8mb4 COLLATE utf8mb4_unicode_ci DEFAULT '' COMMENT '字典标签',
  `dict_value` varchar(100) CHARACTER SET utf8mb4 COLLATE utf8mb4_unicode_ci DEFAULT '' COMMENT '字典键值',
  `dict_type` varchar(100) CHARACTER SET utf8mb4 COLLATE utf8mb4_unicode_ci DEFAULT '' COMMENT '字典类型',
  `css_class` varchar(100) CHARACTER SET utf8mb4 COLLATE utf8mb4_unicode_ci DEFAULT NULL COMMENT '样式属性（其他样式扩展）',
  `list_class` varchar(100) CHARACTER SET utf8mb4 COLLATE utf8mb4_unicode_ci DEFAULT NULL COMMENT '表格回显样式',
  `is_default` char(1) CHARACTER SET utf8mb4 COLLATE utf8mb4_unicode_ci DEFAULT 'N' COMMENT '是否默认（Y是 N否）',
  `status` char(1) CHARACTER SET utf8mb4 COLLATE utf8mb4_unicode_ci DEFAULT '0' COMMENT '状态（0正常 1停用）',
  `create_by` varchar(64) CHARACTER SET utf8mb4 COLLATE utf8mb4_unicode_ci DEFAULT '' COMMENT '创建者',
  `create_time` datetime DEFAULT NULL COMMENT '创建时间',
  `update_by` varchar(64) CHARACTER SET utf8mb4 COLLATE utf8mb4_unicode_ci DEFAULT '' COMMENT '更新者',
  `update_time` datetime DEFAULT NULL COMMENT '更新时间',
  `remark` varchar(500) CHARACTER SET utf8mb4 COLLATE utf8mb4_unicode_ci DEFAULT NULL COMMENT '备注',
  PRIMARY KEY (`dict_code`)
) ENGINE=InnoDB AUTO_INCREMENT=109 DEFAULT CHARSET=utf8mb4 COLLATE=utf8mb4_unicode_ci COMMENT='字典数据表';
/*!40101 SET character_set_client = @saved_cs_client */;

--
-- Dumping data for table `sys_dict_data`
--

LOCK TABLES `sys_dict_data` WRITE;
/*!40000 ALTER TABLE `sys_dict_data` DISABLE KEYS */;
INSERT INTO `sys_dict_data` VALUES (1,1,'男','0','sys_user_sex','','','Y','0','admin','2025-07-19 12:25:23','',NULL,'性别男'),(2,2,'女','1','sys_user_sex','','','N','0','admin','2025-07-19 12:25:23','',NULL,'性别女'),(3,3,'未知','2','sys_user_sex','','','N','0','admin','2025-07-19 12:25:23','',NULL,'性别未知'),(4,1,'显示','0','sys_show_hide','','primary','Y','0','admin','2025-07-19 12:25:23','',NULL,'显示菜单'),(5,2,'隐藏','1','sys_show_hide','','danger','N','0','admin','2025-07-19 12:25:23','',NULL,'隐藏菜单'),(6,1,'正常','0','sys_normal_disable','','primary','Y','0','admin','2025-07-19 12:25:23','',NULL,'正常状态'),(7,2,'停用','1','sys_normal_disable','','danger','N','0','admin','2025-07-19 12:25:23','',NULL,'停用状态'),(8,1,'正常','0','sys_job_status','','primary','Y','0','admin','2025-07-19 12:25:23','',NULL,'正常状态'),(9,2,'暂停','1','sys_job_status','','danger','N','0','admin','2025-07-19 12:25:23','',NULL,'停用状态'),(10,1,'默认','DEFAULT','sys_job_group','','','Y','0','admin','2025-07-19 12:25:23','',NULL,'默认分组'),(11,2,'系统','SYSTEM','sys_job_group','','','N','0','admin','2025-07-19 12:25:23','',NULL,'系统分组'),(12,1,'是','Y','sys_yes_no','','primary','Y','0','admin','2025-07-19 12:25:23','',NULL,'系统默认是'),(13,2,'否','N','sys_yes_no','','danger','N','0','admin','2025-07-19 12:25:23','',NULL,'系统默认否'),(14,1,'通知','1','sys_notice_type','','warning','Y','0','admin','2025-07-19 12:25:23','',NULL,'通知'),(15,2,'公告','2','sys_notice_type','','success','N','0','admin','2025-07-19 12:25:23','',NULL,'公告'),(16,1,'正常','0','sys_notice_status','','primary','Y','0','admin','2025-07-19 12:25:23','',NULL,'正常状态'),(17,2,'关闭','1','sys_notice_status','','danger','N','0','admin','2025-07-19 12:25:23','',NULL,'关闭状态'),(18,99,'其他','0','sys_oper_type','','info','N','0','admin','2025-07-19 12:25:23','',NULL,'其他操作'),(19,1,'新增','1','sys_oper_type','','info','N','0','admin','2025-07-19 12:25:23','',NULL,'新增操作'),(20,2,'修改','2','sys_oper_type','','info','N','0','admin','2025-07-19 12:25:23','',NULL,'修改操作'),(21,3,'删除','3','sys_oper_type','','danger','N','0','admin','2025-07-19 12:25:23','',NULL,'删除操作'),(22,4,'授权','4','sys_oper_type','','primary','N','0','admin','2025-07-19 12:25:23','',NULL,'授权操作'),(23,5,'导出','5','sys_oper_type','','warning','N','0','admin','2025-07-19 12:25:23','',NULL,'导出操作'),(24,6,'导入','6','sys_oper_type','','warning','N','0','admin','2025-07-19 12:25:23','',NULL,'导入操作'),(25,7,'强退','7','sys_oper_type','','danger','N','0','admin','2025-07-19 12:25:23','',NULL,'强退操作'),(26,8,'生成代码','8','sys_oper_type','','warning','N','0','admin','2025-07-19 12:25:23','',NULL,'生成操作'),(27,9,'清空数据','9','sys_oper_type','','danger','N','0','admin','2025-07-19 12:25:23','',NULL,'清空操作'),(28,1,'成功','0','sys_common_status','','primary','N','0','admin','2025-07-19 12:25:23','',NULL,'正常状态'),(29,2,'失败','1','sys_common_status','','danger','N','0','admin','2025-07-19 12:25:23','',NULL,'停用状态'),(100,0,'草稿','0','evaluate_order_status',NULL,'primary','N','0','admin','2026-06-17 20:57:31','',NULL,NULL),(101,1,'已发布','1','evaluate_order_status',NULL,'warning','N','0','admin','2026-06-17 20:57:44','',NULL,NULL),(102,2,'已完成','2','evaluate_order_status',NULL,'success','N','0','admin','2026-06-17 20:58:01','',NULL,NULL),(103,0,'单选','0','evaluate_item_type',NULL,'default','N','0','admin','2026-06-18 10:29:40','',NULL,NULL),(104,1,'多选','1','evaluate_item_type',NULL,'default','N','0','admin','2026-06-18 10:30:03','',NULL,NULL),(105,2,'填空','2','evaluate_item_type',NULL,'default','N','0','admin','2026-06-18 10:30:14','',NULL,NULL),(106,3,'打分','3','evaluate_item_type',NULL,'default','N','0','admin','2026-06-25 15:01:09','',NULL,NULL),(107,0,'打分','0','evaluate_order_type',NULL,'success','N','0','admin','2026-06-25 15:10:42','',NULL,NULL),(108,1,'问卷','1','evaluate_order_type',NULL,'primary','N','0','admin','2026-06-25 15:10:55','',NULL,NULL);
/*!40000 ALTER TABLE `sys_dict_data` ENABLE KEYS */;
UNLOCK TABLES;

--
-- Table structure for table `sys_dict_type`
--

DROP TABLE IF EXISTS `sys_dict_type`;
/*!40101 SET @saved_cs_client     = @@character_set_client */;
/*!50503 SET character_set_client = utf8mb4 */;
CREATE TABLE `sys_dict_type` (
  `dict_id` bigint NOT NULL AUTO_INCREMENT COMMENT '字典主键',
  `dict_name` varchar(100) CHARACTER SET utf8mb4 COLLATE utf8mb4_unicode_ci DEFAULT '' COMMENT '字典名称',
  `dict_type` varchar(100) CHARACTER SET utf8mb4 COLLATE utf8mb4_unicode_ci DEFAULT '' COMMENT '字典类型',
  `status` char(1) CHARACTER SET utf8mb4 COLLATE utf8mb4_unicode_ci DEFAULT '0' COMMENT '状态（0正常 1停用）',
  `create_by` varchar(64) CHARACTER SET utf8mb4 COLLATE utf8mb4_unicode_ci DEFAULT '' COMMENT '创建者',
  `create_time` datetime DEFAULT NULL COMMENT '创建时间',
  `update_by` varchar(64) CHARACTER SET utf8mb4 COLLATE utf8mb4_unicode_ci DEFAULT '' COMMENT '更新者',
  `update_time` datetime DEFAULT NULL COMMENT '更新时间',
  `remark` varchar(500) CHARACTER SET utf8mb4 COLLATE utf8mb4_unicode_ci DEFAULT NULL COMMENT '备注',
  PRIMARY KEY (`dict_id`),
  UNIQUE KEY `dict_type` (`dict_type`)
) ENGINE=InnoDB AUTO_INCREMENT=103 DEFAULT CHARSET=utf8mb4 COLLATE=utf8mb4_unicode_ci COMMENT='字典类型表';
/*!40101 SET character_set_client = @saved_cs_client */;

--
-- Dumping data for table `sys_dict_type`
--

LOCK TABLES `sys_dict_type` WRITE;
/*!40000 ALTER TABLE `sys_dict_type` DISABLE KEYS */;
INSERT INTO `sys_dict_type` VALUES (1,'用户性别','sys_user_sex','0','admin','2025-07-19 12:25:23','',NULL,'用户性别列表'),(2,'菜单状态','sys_show_hide','0','admin','2025-07-19 12:25:23','',NULL,'菜单状态列表'),(3,'系统开关','sys_normal_disable','0','admin','2025-07-19 12:25:23','',NULL,'系统开关列表'),(4,'任务状态','sys_job_status','0','admin','2025-07-19 12:25:23','',NULL,'任务状态列表'),(5,'任务分组','sys_job_group','0','admin','2025-07-19 12:25:23','',NULL,'任务分组列表'),(6,'系统是否','sys_yes_no','0','admin','2025-07-19 12:25:23','',NULL,'系统是否列表'),(7,'通知类型','sys_notice_type','0','admin','2025-07-19 12:25:23','',NULL,'通知类型列表'),(8,'通知状态','sys_notice_status','0','admin','2025-07-19 12:25:23','',NULL,'通知状态列表'),(9,'操作类型','sys_oper_type','0','admin','2025-07-19 12:25:23','',NULL,'操作类型列表'),(10,'系统状态','sys_common_status','0','admin','2025-07-19 12:25:23','',NULL,'登录状态列表'),(100,'评议单状态','evaluate_order_status','0','admin','2026-06-17 20:57:12','',NULL,NULL),(101,'评议题型','evaluate_item_type','0','admin','2026-06-18 10:28:39','',NULL,NULL),(102,'评议单类型','evaluate_order_type','0','admin','2026-06-25 15:10:06','',NULL,NULL);
/*!40000 ALTER TABLE `sys_dict_type` ENABLE KEYS */;
UNLOCK TABLES;

--
-- Table structure for table `sys_job`
--

DROP TABLE IF EXISTS `sys_job`;
/*!40101 SET @saved_cs_client     = @@character_set_client */;
/*!50503 SET character_set_client = utf8mb4 */;
CREATE TABLE `sys_job` (
  `job_id` bigint NOT NULL AUTO_INCREMENT COMMENT '任务ID',
  `job_name` varchar(64) CHARACTER SET utf8mb4 COLLATE utf8mb4_unicode_ci NOT NULL DEFAULT '' COMMENT '任务名称',
  `job_group` varchar(64) CHARACTER SET utf8mb4 COLLATE utf8mb4_unicode_ci NOT NULL DEFAULT 'DEFAULT' COMMENT '任务组名',
  `invoke_target` varchar(500) CHARACTER SET utf8mb4 COLLATE utf8mb4_unicode_ci NOT NULL COMMENT '调用目标字符串',
  `cron_expression` varchar(255) CHARACTER SET utf8mb4 COLLATE utf8mb4_unicode_ci DEFAULT '' COMMENT 'cron执行表达式',
  `misfire_policy` varchar(20) CHARACTER SET utf8mb4 COLLATE utf8mb4_unicode_ci DEFAULT '3' COMMENT '计划执行错误策略（1立即执行 2执行一次 3放弃执行）',
  `concurrent` char(1) CHARACTER SET utf8mb4 COLLATE utf8mb4_unicode_ci DEFAULT '1' COMMENT '是否并发执行（0允许 1禁止）',
  `status` char(1) CHARACTER SET utf8mb4 COLLATE utf8mb4_unicode_ci DEFAULT '0' COMMENT '状态（0正常 1暂停）',
  `create_by` varchar(64) CHARACTER SET utf8mb4 COLLATE utf8mb4_unicode_ci DEFAULT '' COMMENT '创建者',
  `create_time` datetime DEFAULT NULL COMMENT '创建时间',
  `update_by` varchar(64) CHARACTER SET utf8mb4 COLLATE utf8mb4_unicode_ci DEFAULT '' COMMENT '更新者',
  `update_time` datetime DEFAULT NULL COMMENT '更新时间',
  `remark` varchar(500) CHARACTER SET utf8mb4 COLLATE utf8mb4_unicode_ci DEFAULT '' COMMENT '备注信息',
  PRIMARY KEY (`job_id`,`job_name`,`job_group`)
) ENGINE=InnoDB AUTO_INCREMENT=100 DEFAULT CHARSET=utf8mb4 COLLATE=utf8mb4_unicode_ci COMMENT='定时任务调度表';
/*!40101 SET character_set_client = @saved_cs_client */;

--
-- Dumping data for table `sys_job`
--

LOCK TABLES `sys_job` WRITE;
/*!40000 ALTER TABLE `sys_job` DISABLE KEYS */;
INSERT INTO `sys_job` VALUES (1,'系统默认（无参）','DEFAULT','ryTask.ryNoParams','0/10 * * * * ?','3','1','1','admin','2025-07-19 12:25:23','',NULL,''),(2,'系统默认（有参）','DEFAULT','ryTask.ryParams(\'ry\')','0/15 * * * * ?','3','1','1','admin','2025-07-19 12:25:23','',NULL,''),(3,'系统默认（多参）','DEFAULT','ryTask.ryMultipleParams(\'ry\', true, 2000L, 316.50D, 100)','0/20 * * * * ?','3','1','1','admin','2025-07-19 12:25:23','',NULL,'');
/*!40000 ALTER TABLE `sys_job` ENABLE KEYS */;
UNLOCK TABLES;

--
-- Table structure for table `sys_job_log`
--

DROP TABLE IF EXISTS `sys_job_log`;
/*!40101 SET @saved_cs_client     = @@character_set_client */;
/*!50503 SET character_set_client = utf8mb4 */;
CREATE TABLE `sys_job_log` (
  `job_log_id` bigint NOT NULL AUTO_INCREMENT COMMENT '任务日志ID',
  `job_name` varchar(64) CHARACTER SET utf8mb4 COLLATE utf8mb4_unicode_ci NOT NULL COMMENT '任务名称',
  `job_group` varchar(64) CHARACTER SET utf8mb4 COLLATE utf8mb4_unicode_ci NOT NULL COMMENT '任务组名',
  `invoke_target` varchar(500) CHARACTER SET utf8mb4 COLLATE utf8mb4_unicode_ci NOT NULL COMMENT '调用目标字符串',
  `job_message` varchar(500) CHARACTER SET utf8mb4 COLLATE utf8mb4_unicode_ci DEFAULT NULL COMMENT '日志信息',
  `status` char(1) CHARACTER SET utf8mb4 COLLATE utf8mb4_unicode_ci DEFAULT '0' COMMENT '执行状态（0正常 1失败）',
  `exception_info` varchar(2000) CHARACTER SET utf8mb4 COLLATE utf8mb4_unicode_ci DEFAULT '' COMMENT '异常信息',
  `create_time` datetime DEFAULT NULL COMMENT '创建时间',
  PRIMARY KEY (`job_log_id`)
) ENGINE=InnoDB DEFAULT CHARSET=utf8mb4 COLLATE=utf8mb4_unicode_ci COMMENT='定时任务调度日志表';
/*!40101 SET character_set_client = @saved_cs_client */;

--
-- Dumping data for table `sys_job_log`
--

LOCK TABLES `sys_job_log` WRITE;
/*!40000 ALTER TABLE `sys_job_log` DISABLE KEYS */;
/*!40000 ALTER TABLE `sys_job_log` ENABLE KEYS */;
UNLOCK TABLES;

--
-- Table structure for table `sys_logininfor`
--

DROP TABLE IF EXISTS `sys_logininfor`;
/*!40101 SET @saved_cs_client     = @@character_set_client */;
/*!50503 SET character_set_client = utf8mb4 */;
CREATE TABLE `sys_logininfor` (
  `info_id` bigint NOT NULL AUTO_INCREMENT COMMENT '访问ID',
  `user_name` varchar(50) CHARACTER SET utf8mb4 COLLATE utf8mb4_unicode_ci DEFAULT '' COMMENT '用户账号',
  `ipaddr` varchar(128) CHARACTER SET utf8mb4 COLLATE utf8mb4_unicode_ci DEFAULT '' COMMENT '登录IP地址',
  `login_location` varchar(255) CHARACTER SET utf8mb4 COLLATE utf8mb4_unicode_ci DEFAULT '' COMMENT '登录地点',
  `browser` varchar(50) CHARACTER SET utf8mb4 COLLATE utf8mb4_unicode_ci DEFAULT '' COMMENT '浏览器类型',
  `os` varchar(50) CHARACTER SET utf8mb4 COLLATE utf8mb4_unicode_ci DEFAULT '' COMMENT '操作系统',
  `status` char(1) CHARACTER SET utf8mb4 COLLATE utf8mb4_unicode_ci DEFAULT '0' COMMENT '登录状态（0成功 1失败）',
  `msg` varchar(255) CHARACTER SET utf8mb4 COLLATE utf8mb4_unicode_ci DEFAULT '' COMMENT '提示消息',
  `login_time` datetime DEFAULT NULL COMMENT '访问时间',
  PRIMARY KEY (`info_id`),
  KEY `idx_sys_logininfor_s` (`status`),
  KEY `idx_sys_logininfor_lt` (`login_time`)
) ENGINE=InnoDB AUTO_INCREMENT=128 DEFAULT CHARSET=utf8mb4 COLLATE=utf8mb4_unicode_ci COMMENT='系统访问记录';
/*!40101 SET character_set_client = @saved_cs_client */;

--
-- Dumping data for table `sys_logininfor`
--

LOCK TABLES `sys_logininfor` WRITE;
/*!40000 ALTER TABLE `sys_logininfor` DISABLE KEYS */;
INSERT INTO `sys_logininfor` VALUES (100,'admin','127.0.0.1','内网IP','Chrome 13','Windows 10','1','验证码已失效','2025-07-19 12:25:32'),(101,'admin','127.0.0.1','内网IP','Chrome 13','Windows 10','0','登录成功','2025-07-19 12:25:36'),(102,'admin','127.0.0.1','内网IP','Chrome 14','Windows 10','0','登录成功','2026-06-17 20:50:06'),(103,'admin','127.0.0.1','内网IP','Chrome 14','Windows 10','0','登录成功','2026-06-18 08:34:21'),(104,'admin','127.0.0.1','内网IP','Chrome 14','Windows 10','0','登录成功','2026-06-18 17:18:25'),(105,'admin','127.0.0.1','内网IP','Chrome 14','Windows 10','0','登录成功','2026-06-22 08:27:37'),(106,'admin','127.0.0.1','内网IP','Chrome 14','Windows 10','0','登录成功','2026-06-22 10:48:47'),(107,'admin','127.0.0.1','内网IP','Chrome 14','Windows 10','0','登录成功','2026-06-22 14:16:01'),(108,'admin','127.0.0.1','内网IP','Chrome 14','Windows 10','0','登录成功','2026-06-22 14:58:00'),(109,'admin','127.0.0.1','内网IP','Chrome 14','Windows 10','0','登录成功','2026-06-22 17:44:59'),(110,'admin','127.0.0.1','内网IP','Chrome 14','Windows 10','0','登录成功','2026-06-22 18:00:58'),(111,'admin','127.0.0.1','内网IP','Chrome 14','Windows 10','0','登录成功','2026-06-23 08:21:58'),(112,'admin','127.0.0.1','内网IP','Chrome 14','Windows 10','1','验证码错误','2026-06-23 08:54:15'),(113,'admin','127.0.0.1','内网IP','Chrome 14','Windows 10','0','登录成功','2026-06-23 08:54:19'),(114,'admin','127.0.0.1','内网IP','Chrome 14','Windows 10','0','登录成功','2026-06-23 14:25:32'),(115,'admin','127.0.0.1','内网IP','Chrome 14','Windows 10','0','登录成功','2026-06-23 17:23:35'),(116,'admin','127.0.0.1','内网IP','Chrome 14','Windows 10','0','登录成功','2026-06-24 16:51:29'),(117,'admin','127.0.0.1','内网IP','Chrome 14','Windows 10','0','登录成功','2026-06-25 09:14:27'),(118,'admin','127.0.0.1','内网IP','Chrome 14','Windows 10','0','登录成功','2026-06-25 14:22:09'),(119,'admin','127.0.0.1','内网IP','Chrome 14','Windows 10','0','登录成功','2026-06-25 15:59:42'),(120,'admin','127.0.0.1','内网IP','Chrome 14','Windows 10','0','登录成功','2026-06-25 17:34:29'),(121,'admin','127.0.0.1','内网IP','Chrome 14','Windows 10','0','登录成功','2026-06-26 09:01:49'),(122,'admin','127.0.0.1','内网IP','Chrome 14','Windows 10','0','登录成功','2026-06-26 10:23:23'),(123,'admin','127.0.0.1','内网IP','Chrome 14','Windows 10','0','登录成功','2026-06-29 09:44:16'),(124,'admin','127.0.0.1','内网IP','Chrome 14','Windows 10','1','验证码已失效','2026-06-29 11:20:34'),(125,'admin','127.0.0.1','内网IP','Chrome 14','Windows 10','0','登录成功','2026-06-29 11:20:37'),(126,'admin','127.0.0.1','内网IP','Chrome 14','Windows 10','0','登录成功','2026-06-29 14:13:33'),(127,'admin','127.0.0.1','内网IP','Chrome 14','Windows 10','0','登录成功','2026-06-29 18:31:41');
/*!40000 ALTER TABLE `sys_logininfor` ENABLE KEYS */;
UNLOCK TABLES;

--
-- Table structure for table `sys_menu`
--

DROP TABLE IF EXISTS `sys_menu`;
/*!40101 SET @saved_cs_client     = @@character_set_client */;
/*!50503 SET character_set_client = utf8mb4 */;
CREATE TABLE `sys_menu` (
  `menu_id` bigint NOT NULL AUTO_INCREMENT COMMENT '菜单ID',
  `menu_name` varchar(50) CHARACTER SET utf8mb4 COLLATE utf8mb4_unicode_ci NOT NULL COMMENT '菜单名称',
  `parent_id` bigint DEFAULT '0' COMMENT '父菜单ID',
  `order_num` int DEFAULT '0' COMMENT '显示顺序',
  `path` varchar(200) CHARACTER SET utf8mb4 COLLATE utf8mb4_unicode_ci DEFAULT '' COMMENT '路由地址',
  `component` varchar(255) CHARACTER SET utf8mb4 COLLATE utf8mb4_unicode_ci DEFAULT NULL COMMENT '组件路径',
  `query` varchar(255) CHARACTER SET utf8mb4 COLLATE utf8mb4_unicode_ci DEFAULT NULL COMMENT '路由参数',
  `route_name` varchar(50) CHARACTER SET utf8mb4 COLLATE utf8mb4_unicode_ci DEFAULT '' COMMENT '路由名称',
  `is_frame` int DEFAULT '1' COMMENT '是否为外链（0是 1否）',
  `is_cache` int DEFAULT '0' COMMENT '是否缓存（0缓存 1不缓存）',
  `menu_type` char(1) CHARACTER SET utf8mb4 COLLATE utf8mb4_unicode_ci DEFAULT '' COMMENT '菜单类型（M目录 C菜单 F按钮）',
  `visible` char(1) CHARACTER SET utf8mb4 COLLATE utf8mb4_unicode_ci DEFAULT '0' COMMENT '菜单状态（0显示 1隐藏）',
  `status` char(1) CHARACTER SET utf8mb4 COLLATE utf8mb4_unicode_ci DEFAULT '0' COMMENT '菜单状态（0正常 1停用）',
  `perms` varchar(100) CHARACTER SET utf8mb4 COLLATE utf8mb4_unicode_ci DEFAULT NULL COMMENT '权限标识',
  `icon` varchar(100) CHARACTER SET utf8mb4 COLLATE utf8mb4_unicode_ci DEFAULT '#' COMMENT '菜单图标',
  `create_by` varchar(64) CHARACTER SET utf8mb4 COLLATE utf8mb4_unicode_ci DEFAULT '' COMMENT '创建者',
  `create_time` datetime DEFAULT NULL COMMENT '创建时间',
  `update_by` varchar(64) CHARACTER SET utf8mb4 COLLATE utf8mb4_unicode_ci DEFAULT '' COMMENT '更新者',
  `update_time` datetime DEFAULT NULL COMMENT '更新时间',
  `remark` varchar(500) CHARACTER SET utf8mb4 COLLATE utf8mb4_unicode_ci DEFAULT '' COMMENT '备注',
  PRIMARY KEY (`menu_id`)
) ENGINE=InnoDB AUTO_INCREMENT=2012 DEFAULT CHARSET=utf8mb4 COLLATE=utf8mb4_unicode_ci COMMENT='菜单权限表';
/*!40101 SET character_set_client = @saved_cs_client */;

--
-- Dumping data for table `sys_menu`
--

LOCK TABLES `sys_menu` WRITE;
/*!40000 ALTER TABLE `sys_menu` DISABLE KEYS */;
INSERT INTO `sys_menu` VALUES (1,'系统管理',0,1,'system',NULL,'','',1,0,'M','0','0','','system','admin','2025-07-19 12:25:23','',NULL,'系统管理目录'),(2,'系统监控',0,2,'monitor',NULL,'','',1,0,'M','0','0','','monitor','admin','2025-07-19 12:25:23','',NULL,'系统监控目录'),(3,'系统工具',0,3,'tool',NULL,'','',1,0,'M','0','0','','tool','admin','2025-07-19 12:25:23','',NULL,'系统工具目录'),(100,'用户管理',1,1,'user','system/user/index','','',1,0,'C','0','0','system:user:list','user','admin','2025-07-19 12:25:23','',NULL,'用户管理菜单'),(101,'角色管理',1,2,'role','system/role/index','','',1,0,'C','0','0','system:role:list','peoples','admin','2025-07-19 12:25:23','',NULL,'角色管理菜单'),(102,'菜单管理',1,3,'menu','system/menu/index','','',1,0,'C','0','0','system:menu:list','tree-table','admin','2025-07-19 12:25:23','',NULL,'菜单管理菜单'),(103,'部门管理',1,4,'dept','system/dept/index','','',1,0,'C','0','0','system:dept:list','tree','admin','2025-07-19 12:25:23','',NULL,'部门管理菜单'),(104,'岗位管理',1,5,'post','system/post/index','','',1,0,'C','0','0','system:post:list','post','admin','2025-07-19 12:25:23','',NULL,'岗位管理菜单'),(105,'字典管理',1,6,'dict','system/dict/index','','',1,0,'C','0','0','system:dict:list','dict','admin','2025-07-19 12:25:23','',NULL,'字典管理菜单'),(106,'参数设置',1,7,'config','system/config/index','','',1,0,'C','0','0','system:config:list','edit','admin','2025-07-19 12:25:23','',NULL,'参数设置菜单'),(107,'通知公告',1,8,'notice','system/notice/index','','',1,0,'C','0','0','system:notice:list','message','admin','2025-07-19 12:25:23','',NULL,'通知公告菜单'),(108,'日志管理',1,9,'log','','','',1,0,'M','0','0','','log','admin','2025-07-19 12:25:23','',NULL,'日志管理菜单'),(109,'在线用户',2,1,'online','monitor/online/index','','',1,0,'C','0','0','monitor:online:list','online','admin','2025-07-19 12:25:23','',NULL,'在线用户菜单'),(110,'定时任务',2,2,'job','monitor/job/index','','',1,0,'C','0','0','monitor:job:list','job','admin','2025-07-19 12:25:23','',NULL,'定时任务菜单'),(111,'数据监控',2,3,'druid','monitor/druid/index','','',1,0,'C','0','0','monitor:druid:list','druid','admin','2025-07-19 12:25:23','',NULL,'数据监控菜单'),(112,'服务监控',2,4,'server','monitor/server/index','','',1,0,'C','0','0','monitor:server:list','server','admin','2025-07-19 12:25:23','',NULL,'服务监控菜单'),(113,'缓存监控',2,5,'cache','monitor/cache/index','','',1,0,'C','0','0','monitor:cache:list','redis','admin','2025-07-19 12:25:23','',NULL,'缓存监控菜单'),(114,'缓存列表',2,6,'cacheList','monitor/cache/list','','',1,0,'C','0','0','monitor:cache:list','redis-list','admin','2025-07-19 12:25:23','',NULL,'缓存列表菜单'),(115,'表单构建',3,1,'build','tool/build/index','','',1,0,'C','0','0','tool:build:list','build','admin','2025-07-19 12:25:23','',NULL,'表单构建菜单'),(116,'代码生成',3,2,'gen','tool/gen/index','','',1,0,'C','0','0','tool:gen:list','code','admin','2025-07-19 12:25:23','',NULL,'代码生成菜单'),(117,'系统接口',3,3,'swagger','tool/swagger/index','','',1,0,'C','0','0','tool:swagger:list','swagger','admin','2025-07-19 12:25:23','',NULL,'系统接口菜单'),(500,'操作日志',108,1,'operlog','monitor/operlog/index','','',1,0,'C','0','0','monitor:operlog:list','form','admin','2025-07-19 12:25:23','',NULL,'操作日志菜单'),(501,'登录日志',108,2,'logininfor','monitor/logininfor/index','','',1,0,'C','0','0','monitor:logininfor:list','logininfor','admin','2025-07-19 12:25:23','',NULL,'登录日志菜单'),(1000,'用户查询',100,1,'','','','',1,0,'F','0','0','system:user:query','#','admin','2025-07-19 12:25:23','',NULL,''),(1001,'用户新增',100,2,'','','','',1,0,'F','0','0','system:user:add','#','admin','2025-07-19 12:25:23','',NULL,''),(1002,'用户修改',100,3,'','','','',1,0,'F','0','0','system:user:edit','#','admin','2025-07-19 12:25:23','',NULL,''),(1003,'用户删除',100,4,'','','','',1,0,'F','0','0','system:user:remove','#','admin','2025-07-19 12:25:23','',NULL,''),(1004,'用户导出',100,5,'','','','',1,0,'F','0','0','system:user:export','#','admin','2025-07-19 12:25:23','',NULL,''),(1005,'用户导入',100,6,'','','','',1,0,'F','0','0','system:user:import','#','admin','2025-07-19 12:25:23','',NULL,''),(1006,'重置密码',100,7,'','','','',1,0,'F','0','0','system:user:resetPwd','#','admin','2025-07-19 12:25:23','',NULL,''),(1007,'角色查询',101,1,'','','','',1,0,'F','0','0','system:role:query','#','admin','2025-07-19 12:25:23','',NULL,''),(1008,'角色新增',101,2,'','','','',1,0,'F','0','0','system:role:add','#','admin','2025-07-19 12:25:23','',NULL,''),(1009,'角色修改',101,3,'','','','',1,0,'F','0','0','system:role:edit','#','admin','2025-07-19 12:25:23','',NULL,''),(1010,'角色删除',101,4,'','','','',1,0,'F','0','0','system:role:remove','#','admin','2025-07-19 12:25:23','',NULL,''),(1011,'角色导出',101,5,'','','','',1,0,'F','0','0','system:role:export','#','admin','2025-07-19 12:25:23','',NULL,''),(1012,'菜单查询',102,1,'','','','',1,0,'F','0','0','system:menu:query','#','admin','2025-07-19 12:25:23','',NULL,''),(1013,'菜单新增',102,2,'','','','',1,0,'F','0','0','system:menu:add','#','admin','2025-07-19 12:25:23','',NULL,''),(1014,'菜单修改',102,3,'','','','',1,0,'F','0','0','system:menu:edit','#','admin','2025-07-19 12:25:23','',NULL,''),(1015,'菜单删除',102,4,'','','','',1,0,'F','0','0','system:menu:remove','#','admin','2025-07-19 12:25:23','',NULL,''),(1016,'部门查询',103,1,'','','','',1,0,'F','0','0','system:dept:query','#','admin','2025-07-19 12:25:23','',NULL,''),(1017,'部门新增',103,2,'','','','',1,0,'F','0','0','system:dept:add','#','admin','2025-07-19 12:25:23','',NULL,''),(1018,'部门修改',103,3,'','','','',1,0,'F','0','0','system:dept:edit','#','admin','2025-07-19 12:25:23','',NULL,''),(1019,'部门删除',103,4,'','','','',1,0,'F','0','0','system:dept:remove','#','admin','2025-07-19 12:25:23','',NULL,''),(1020,'岗位查询',104,1,'','','','',1,0,'F','0','0','system:post:query','#','admin','2025-07-19 12:25:23','',NULL,''),(1021,'岗位新增',104,2,'','','','',1,0,'F','0','0','system:post:add','#','admin','2025-07-19 12:25:23','',NULL,''),(1022,'岗位修改',104,3,'','','','',1,0,'F','0','0','system:post:edit','#','admin','2025-07-19 12:25:23','',NULL,''),(1023,'岗位删除',104,4,'','','','',1,0,'F','0','0','system:post:remove','#','admin','2025-07-19 12:25:23','',NULL,''),(1024,'岗位导出',104,5,'','','','',1,0,'F','0','0','system:post:export','#','admin','2025-07-19 12:25:23','',NULL,''),(1025,'字典查询',105,1,'#','','','',1,0,'F','0','0','system:dict:query','#','admin','2025-07-19 12:25:23','',NULL,''),(1026,'字典新增',105,2,'#','','','',1,0,'F','0','0','system:dict:add','#','admin','2025-07-19 12:25:23','',NULL,''),(1027,'字典修改',105,3,'#','','','',1,0,'F','0','0','system:dict:edit','#','admin','2025-07-19 12:25:23','',NULL,''),(1028,'字典删除',105,4,'#','','','',1,0,'F','0','0','system:dict:remove','#','admin','2025-07-19 12:25:23','',NULL,''),(1029,'字典导出',105,5,'#','','','',1,0,'F','0','0','system:dict:export','#','admin','2025-07-19 12:25:23','',NULL,''),(1030,'参数查询',106,1,'#','','','',1,0,'F','0','0','system:config:query','#','admin','2025-07-19 12:25:23','',NULL,''),(1031,'参数新增',106,2,'#','','','',1,0,'F','0','0','system:config:add','#','admin','2025-07-19 12:25:23','',NULL,''),(1032,'参数修改',106,3,'#','','','',1,0,'F','0','0','system:config:edit','#','admin','2025-07-19 12:25:23','',NULL,''),(1033,'参数删除',106,4,'#','','','',1,0,'F','0','0','system:config:remove','#','admin','2025-07-19 12:25:23','',NULL,''),(1034,'参数导出',106,5,'#','','','',1,0,'F','0','0','system:config:export','#','admin','2025-07-19 12:25:23','',NULL,''),(1035,'公告查询',107,1,'#','','','',1,0,'F','0','0','system:notice:query','#','admin','2025-07-19 12:25:23','',NULL,''),(1036,'公告新增',107,2,'#','','','',1,0,'F','0','0','system:notice:add','#','admin','2025-07-19 12:25:23','',NULL,''),(1037,'公告修改',107,3,'#','','','',1,0,'F','0','0','system:notice:edit','#','admin','2025-07-19 12:25:23','',NULL,''),(1038,'公告删除',107,4,'#','','','',1,0,'F','0','0','system:notice:remove','#','admin','2025-07-19 12:25:23','',NULL,''),(1039,'操作查询',500,1,'#','','','',1,0,'F','0','0','monitor:operlog:query','#','admin','2025-07-19 12:25:23','',NULL,''),(1040,'操作删除',500,2,'#','','','',1,0,'F','0','0','monitor:operlog:remove','#','admin','2025-07-19 12:25:23','',NULL,''),(1041,'日志导出',500,3,'#','','','',1,0,'F','0','0','monitor:operlog:export','#','admin','2025-07-19 12:25:23','',NULL,''),(1042,'登录查询',501,1,'#','','','',1,0,'F','0','0','monitor:logininfor:query','#','admin','2025-07-19 12:25:23','',NULL,''),(1043,'登录删除',501,2,'#','','','',1,0,'F','0','0','monitor:logininfor:remove','#','admin','2025-07-19 12:25:23','',NULL,''),(1044,'日志导出',501,3,'#','','','',1,0,'F','0','0','monitor:logininfor:export','#','admin','2025-07-19 12:25:23','',NULL,''),(1045,'账户解锁',501,4,'#','','','',1,0,'F','0','0','monitor:logininfor:unlock','#','admin','2025-07-19 12:25:23','',NULL,''),(1046,'在线查询',109,1,'#','','','',1,0,'F','0','0','monitor:online:query','#','admin','2025-07-19 12:25:23','',NULL,''),(1047,'批量强退',109,2,'#','','','',1,0,'F','0','0','monitor:online:batchLogout','#','admin','2025-07-19 12:25:23','',NULL,''),(1048,'单条强退',109,3,'#','','','',1,0,'F','0','0','monitor:online:forceLogout','#','admin','2025-07-19 12:25:23','',NULL,''),(1049,'任务查询',110,1,'#','','','',1,0,'F','0','0','monitor:job:query','#','admin','2025-07-19 12:25:23','',NULL,''),(1050,'任务新增',110,2,'#','','','',1,0,'F','0','0','monitor:job:add','#','admin','2025-07-19 12:25:23','',NULL,''),(1051,'任务修改',110,3,'#','','','',1,0,'F','0','0','monitor:job:edit','#','admin','2025-07-19 12:25:23','',NULL,''),(1052,'任务删除',110,4,'#','','','',1,0,'F','0','0','monitor:job:remove','#','admin','2025-07-19 12:25:23','',NULL,''),(1053,'状态修改',110,5,'#','','','',1,0,'F','0','0','monitor:job:changeStatus','#','admin','2025-07-19 12:25:23','',NULL,''),(1054,'任务导出',110,6,'#','','','',1,0,'F','0','0','monitor:job:export','#','admin','2025-07-19 12:25:23','',NULL,''),(1055,'生成查询',116,1,'#','','','',1,0,'F','0','0','tool:gen:query','#','admin','2025-07-19 12:25:23','',NULL,''),(1056,'生成修改',116,2,'#','','','',1,0,'F','0','0','tool:gen:edit','#','admin','2025-07-19 12:25:23','',NULL,''),(1057,'生成删除',116,3,'#','','','',1,0,'F','0','0','tool:gen:remove','#','admin','2025-07-19 12:25:23','',NULL,''),(1058,'导入代码',116,4,'#','','','',1,0,'F','0','0','tool:gen:import','#','admin','2025-07-19 12:25:23','',NULL,''),(1059,'预览代码',116,5,'#','','','',1,0,'F','0','0','tool:gen:preview','#','admin','2025-07-19 12:25:23','',NULL,''),(1060,'生成代码',116,6,'#','','','',1,0,'F','0','0','tool:gen:code','#','admin','2025-07-19 12:25:23','',NULL,''),(2000,'评议管理',0,0,'evaluate',NULL,NULL,'',1,0,'M','0','0','','edit','admin','2026-06-17 20:51:29','admin','2026-06-17 20:53:23',''),(2001,'评议单管理',2000,0,'order','evaluate/order/index',NULL,'order',1,0,'C','0','0','evaluate:order:list','list','admin','2026-06-17 20:53:14','admin','2026-06-23 14:33:04',''),(2003,'答案管理',2000,3,'receipt','evaluate/receipt/index',NULL,'receipt',1,0,'C','0','0','evaluate:receipt:list','form','admin','2026-06-23 10:59:01','admin','2026-06-23 14:32:21',''),(2004,'新增',2001,0,'',NULL,NULL,'',1,0,'F','0','0','evaluate:order:add','#','admin','2026-06-23 16:04:41','',NULL,''),(2005,'查询',2001,1,'',NULL,NULL,'',1,0,'F','0','0','evaluate:order:query','#','admin','2026-06-23 16:05:19','',NULL,''),(2006,'修改',2001,2,'',NULL,NULL,'',1,0,'F','0','0','evaluate:order:edit','#','admin','2026-06-23 16:05:49','',NULL,''),(2007,'删除',2001,3,'',NULL,NULL,'',1,0,'F','0','0','evaluate:order:remove','#','admin','2026-06-23 16:06:32','',NULL,''),(2008,'发布',2001,4,'',NULL,NULL,'',1,0,'F','0','0','evaluate:order:publish','#','admin','2026-06-23 16:08:56','',NULL,''),(2009,'查看随机码',2001,5,'',NULL,NULL,'',1,0,'F','0','0','evaluate:order:codeInfo','#','admin','2026-06-23 16:09:21','',NULL,''),(2010,'详情',2003,0,'',NULL,NULL,'',1,0,'F','0','0','evaluate:receipt:detail','#','admin','2026-06-23 16:19:01','',NULL,''),(2011,'导出',2003,1,'',NULL,NULL,'',1,0,'F','0','0','evaluate:receipt:export','#','admin','2026-06-23 16:19:34','',NULL,'');
/*!40000 ALTER TABLE `sys_menu` ENABLE KEYS */;
UNLOCK TABLES;

--
-- Table structure for table `sys_notice`
--

DROP TABLE IF EXISTS `sys_notice`;
/*!40101 SET @saved_cs_client     = @@character_set_client */;
/*!50503 SET character_set_client = utf8mb4 */;
CREATE TABLE `sys_notice` (
  `notice_id` int NOT NULL AUTO_INCREMENT COMMENT '公告ID',
  `notice_title` varchar(50) CHARACTER SET utf8mb4 COLLATE utf8mb4_unicode_ci NOT NULL COMMENT '公告标题',
  `notice_type` char(1) CHARACTER SET utf8mb4 COLLATE utf8mb4_unicode_ci NOT NULL COMMENT '公告类型（1通知 2公告）',
  `notice_content` longblob COMMENT '公告内容',
  `status` char(1) CHARACTER SET utf8mb4 COLLATE utf8mb4_unicode_ci DEFAULT '0' COMMENT '公告状态（0正常 1关闭）',
  `create_by` varchar(64) CHARACTER SET utf8mb4 COLLATE utf8mb4_unicode_ci DEFAULT '' COMMENT '创建者',
  `create_time` datetime DEFAULT NULL COMMENT '创建时间',
  `update_by` varchar(64) CHARACTER SET utf8mb4 COLLATE utf8mb4_unicode_ci DEFAULT '' COMMENT '更新者',
  `update_time` datetime DEFAULT NULL COMMENT '更新时间',
  `remark` varchar(255) CHARACTER SET utf8mb4 COLLATE utf8mb4_unicode_ci DEFAULT NULL COMMENT '备注',
  PRIMARY KEY (`notice_id`)
) ENGINE=InnoDB AUTO_INCREMENT=10 DEFAULT CHARSET=utf8mb4 COLLATE=utf8mb4_unicode_ci COMMENT='通知公告表';
/*!40101 SET character_set_client = @saved_cs_client */;

--
-- Dumping data for table `sys_notice`
--

LOCK TABLES `sys_notice` WRITE;
/*!40000 ALTER TABLE `sys_notice` DISABLE KEYS */;
/*!40000 ALTER TABLE `sys_notice` ENABLE KEYS */;
UNLOCK TABLES;

--
-- Table structure for table `sys_oper_log`
--

DROP TABLE IF EXISTS `sys_oper_log`;
/*!40101 SET @saved_cs_client     = @@character_set_client */;
/*!50503 SET character_set_client = utf8mb4 */;
CREATE TABLE `sys_oper_log` (
  `oper_id` bigint NOT NULL AUTO_INCREMENT COMMENT '日志主键',
  `title` varchar(50) CHARACTER SET utf8mb4 COLLATE utf8mb4_unicode_ci DEFAULT '' COMMENT '模块标题',
  `business_type` int DEFAULT '0' COMMENT '业务类型（0其它 1新增 2修改 3删除）',
  `method` varchar(200) CHARACTER SET utf8mb4 COLLATE utf8mb4_unicode_ci DEFAULT '' COMMENT '方法名称',
  `request_method` varchar(10) CHARACTER SET utf8mb4 COLLATE utf8mb4_unicode_ci DEFAULT '' COMMENT '请求方式',
  `operator_type` int DEFAULT '0' COMMENT '操作类别（0其它 1后台用户 2手机端用户）',
  `oper_name` varchar(50) CHARACTER SET utf8mb4 COLLATE utf8mb4_unicode_ci DEFAULT '' COMMENT '操作人员',
  `dept_name` varchar(50) CHARACTER SET utf8mb4 COLLATE utf8mb4_unicode_ci DEFAULT '' COMMENT '部门名称',
  `oper_url` varchar(255) CHARACTER SET utf8mb4 COLLATE utf8mb4_unicode_ci DEFAULT '' COMMENT '请求URL',
  `oper_ip` varchar(128) CHARACTER SET utf8mb4 COLLATE utf8mb4_unicode_ci DEFAULT '' COMMENT '主机地址',
  `oper_location` varchar(255) CHARACTER SET utf8mb4 COLLATE utf8mb4_unicode_ci DEFAULT '' COMMENT '操作地点',
  `oper_param` varchar(2000) CHARACTER SET utf8mb4 COLLATE utf8mb4_unicode_ci DEFAULT '' COMMENT '请求参数',
  `json_result` varchar(2000) CHARACTER SET utf8mb4 COLLATE utf8mb4_unicode_ci DEFAULT '' COMMENT '返回参数',
  `status` int DEFAULT '0' COMMENT '操作状态（0正常 1异常）',
  `error_msg` varchar(2000) CHARACTER SET utf8mb4 COLLATE utf8mb4_unicode_ci DEFAULT '' COMMENT '错误消息',
  `oper_time` datetime DEFAULT NULL COMMENT '操作时间',
  `cost_time` bigint DEFAULT '0' COMMENT '消耗时间',
  PRIMARY KEY (`oper_id`),
  KEY `idx_sys_oper_log_bt` (`business_type`),
  KEY `idx_sys_oper_log_s` (`status`),
  KEY `idx_sys_oper_log_ot` (`oper_time`)
) ENGINE=InnoDB AUTO_INCREMENT=311 DEFAULT CHARSET=utf8mb4 COLLATE=utf8mb4_unicode_ci COMMENT='操作日志记录';
/*!40101 SET character_set_client = @saved_cs_client */;

--
-- Dumping data for table `sys_oper_log`
--

LOCK TABLES `sys_oper_log` WRITE;
/*!40000 ALTER TABLE `sys_oper_log` DISABLE KEYS */;
INSERT INTO `sys_oper_log` VALUES (100,'菜单管理',3,'com.ruoyi.web.controller.system.SysMenuController.remove()','DELETE',1,'admin','研发部门','/system/menu/4','127.0.0.1','内网IP','4','{\"msg\":\"菜单已分配,不允许删除\",\"code\":601}',0,NULL,'2025-07-19 13:05:41',12),(101,'角色管理',2,'com.ruoyi.web.controller.system.SysRoleController.edit()','PUT',1,'admin','研发部门','/system/role','127.0.0.1','内网IP','{\"admin\":false,\"createTime\":\"2025-07-19 12:25:23\",\"dataScope\":\"2\",\"delFlag\":\"0\",\"deptCheckStrictly\":true,\"flag\":false,\"menuCheckStrictly\":true,\"menuIds\":[1,100,1000,1001,1002,1003,1004,1005,1006,101,1007,1008,1009,1010,1011,102,1012,1013,1014,1015,103,1016,1017,1018,1019,104,1020,1021,1022,1023,1024,105,1025,1026,1027,1028,1029,106,1030,1031,1032,1033,1034,107,1035,1036,1037,1038,108,500,1039,1040,1041,501,1042,1043,1044,1045,2,109,1046,1047,1048,110,1049,1050,1051,1052,1053,1054,111,112,113,114,3,115,116,1055,1056,1057,1058,1059,1060,117],\"params\":{},\"remark\":\"普通角色\",\"roleId\":2,\"roleKey\":\"common\",\"roleName\":\"普通角色\",\"roleSort\":2,\"status\":\"0\",\"updateBy\":\"admin\"}','{\"msg\":\"操作成功\",\"code\":200}',0,NULL,'2025-07-19 13:05:54',37),(102,'菜单管理',3,'com.ruoyi.web.controller.system.SysMenuController.remove()','DELETE',1,'admin','研发部门','/system/menu/4','127.0.0.1','内网IP','4','{\"msg\":\"操作成功\",\"code\":200}',0,NULL,'2025-07-19 13:10:32',6),(103,'用户管理',2,'com.ruoyi.web.controller.system.SysUserController.edit()','PUT',1,'admin','研发部门','/system/user','127.0.0.1','内网IP','{\"admin\":true,\"avatar\":\"\",\"createBy\":\"admin\",\"createTime\":\"2025-07-19 12:25:23\",\"delFlag\":\"0\",\"dept\":{\"ancestors\":\"0,100,101\",\"children\":[],\"deptId\":103,\"deptName\":\"研发部门\",\"leader\":\"若依\",\"orderNum\":1,\"params\":{},\"parentId\":101,\"status\":\"0\"},\"deptId\":100,\"email\":\"ry@163.com\",\"loginDate\":\"2025-07-19 12:25:37\",\"loginIp\":\"127.0.0.1\",\"nickName\":\"管理员\",\"params\":{},\"phonenumber\":\"15888888888\",\"postIds\":[],\"pwdUpdateDate\":\"2025-07-19 12:25:23\",\"remark\":\"管理员\",\"roleIds\":[],\"roles\":[{\"admin\":true,\"dataScope\":\"1\",\"deptCheckStrictly\":false,\"flag\":false,\"menuCheckStrictly\":false,\"params\":{},\"roleId\":1,\"roleKey\":\"admin\",\"roleName\":\"超级管理员\",\"roleSort\":1,\"status\":\"0\"}],\"sex\":\"0\",\"status\":\"0\",\"userId\":1,\"userName\":\"admin\"}',NULL,1,'不允许操作超级管理员用户','2025-07-19 13:19:04',2),(104,'部门管理',3,'com.ruoyi.web.controller.system.SysDeptController.remove()','DELETE',1,'admin','研发部门','/system/dept/109','127.0.0.1','内网IP','109','{\"msg\":\"操作成功\",\"code\":200}',0,NULL,'2025-07-19 13:19:20',7),(105,'部门管理',3,'com.ruoyi.web.controller.system.SysDeptController.remove()','DELETE',1,'admin','研发部门','/system/dept/108','127.0.0.1','内网IP','108','{\"msg\":\"操作成功\",\"code\":200}',0,NULL,'2025-07-19 13:19:21',6),(106,'部门管理',3,'com.ruoyi.web.controller.system.SysDeptController.remove()','DELETE',1,'admin','研发部门','/system/dept/102','127.0.0.1','内网IP','102','{\"msg\":\"操作成功\",\"code\":200}',0,NULL,'2025-07-19 13:19:23',6),(107,'部门管理',3,'com.ruoyi.web.controller.system.SysDeptController.remove()','DELETE',1,'admin','研发部门','/system/dept/107','127.0.0.1','内网IP','107','{\"msg\":\"操作成功\",\"code\":200}',0,NULL,'2025-07-19 13:19:24',7),(108,'部门管理',3,'com.ruoyi.web.controller.system.SysDeptController.remove()','DELETE',1,'admin','研发部门','/system/dept/106','127.0.0.1','内网IP','106','{\"msg\":\"操作成功\",\"code\":200}',0,NULL,'2025-07-19 13:19:26',6),(109,'部门管理',3,'com.ruoyi.web.controller.system.SysDeptController.remove()','DELETE',1,'admin','研发部门','/system/dept/105','127.0.0.1','内网IP','105','{\"msg\":\"部门存在用户,不允许删除\",\"code\":601}',0,NULL,'2025-07-19 13:19:27',5),(110,'部门管理',3,'com.ruoyi.web.controller.system.SysDeptController.remove()','DELETE',1,'admin','研发部门','/system/dept/104','127.0.0.1','内网IP','104','{\"msg\":\"操作成功\",\"code\":200}',0,NULL,'2025-07-19 13:19:31',5),(111,'用户管理',3,'com.ruoyi.web.controller.system.SysUserController.remove()','DELETE',1,'admin','研发部门','/system/user/2','127.0.0.1','内网IP','[2]','{\"msg\":\"操作成功\",\"code\":200}',0,NULL,'2025-07-19 13:22:06',8),(112,'部门管理',3,'com.ruoyi.web.controller.system.SysDeptController.remove()','DELETE',1,'admin','研发部门','/system/dept/105','127.0.0.1','内网IP','105','{\"msg\":\"操作成功\",\"code\":200}',0,NULL,'2025-07-19 13:22:12',6),(113,'部门管理',3,'com.ruoyi.web.controller.system.SysDeptController.remove()','DELETE',1,'admin','研发部门','/system/dept/103','127.0.0.1','内网IP','103','{\"msg\":\"部门存在用户,不允许删除\",\"code\":601}',0,NULL,'2025-07-19 13:22:19',4),(114,'用户管理',2,'com.ruoyi.web.controller.system.SysUserController.edit()','PUT',1,'admin','研发部门','/system/user','127.0.0.1','内网IP','{\"admin\":true,\"avatar\":\"\",\"createBy\":\"admin\",\"createTime\":\"2025-07-19 12:25:23\",\"delFlag\":\"0\",\"dept\":{\"ancestors\":\"0,100,101\",\"children\":[],\"deptId\":103,\"deptName\":\"研发部门\",\"leader\":\"若依\",\"orderNum\":1,\"params\":{},\"parentId\":101,\"status\":\"0\"},\"deptId\":100,\"email\":\"ry@163.com\",\"loginDate\":\"2025-07-19 12:25:37\",\"loginIp\":\"127.0.0.1\",\"nickName\":\"管理员\",\"params\":{},\"phonenumber\":\"15888888888\",\"postIds\":[],\"pwdUpdateDate\":\"2025-07-19 12:25:23\",\"remark\":\"管理员\",\"roleIds\":[],\"roles\":[{\"admin\":true,\"dataScope\":\"1\",\"deptCheckStrictly\":false,\"flag\":false,\"menuCheckStrictly\":false,\"params\":{},\"roleId\":1,\"roleKey\":\"admin\",\"roleName\":\"超级管理员\",\"roleSort\":1,\"status\":\"0\"}],\"sex\":\"0\",\"status\":\"0\",\"userId\":1,\"userName\":\"admin\"}',NULL,1,'不允许操作超级管理员用户','2025-07-19 13:35:13',9),(115,'用户管理',2,'com.ruoyi.web.controller.system.SysUserController.edit()','PUT',1,'admin','研发部门','/system/user','127.0.0.1','内网IP','{\"admin\":true,\"avatar\":\"\",\"createBy\":\"admin\",\"createTime\":\"2025-07-19 12:25:23\",\"delFlag\":\"0\",\"dept\":{\"ancestors\":\"0,100,101\",\"children\":[],\"deptId\":103,\"deptName\":\"研发部门\",\"leader\":\"若依\",\"orderNum\":1,\"params\":{},\"parentId\":101,\"status\":\"0\"},\"deptId\":100,\"email\":\"ry@163.com\",\"loginDate\":\"2025-07-19 12:25:37\",\"loginIp\":\"127.0.0.1\",\"nickName\":\"管理员\",\"params\":{},\"phonenumber\":\"15888888888\",\"postIds\":[],\"pwdUpdateDate\":\"2025-07-19 12:25:23\",\"remark\":\"管理员\",\"roleIds\":[],\"roles\":[{\"admin\":true,\"dataScope\":\"1\",\"deptCheckStrictly\":false,\"flag\":false,\"menuCheckStrictly\":false,\"params\":{},\"roleId\":1,\"roleKey\":\"admin\",\"roleName\":\"超级管理员\",\"roleSort\":1,\"status\":\"0\"}],\"sex\":\"0\",\"status\":\"0\",\"userId\":1,\"userName\":\"admin\"}',NULL,1,'不允许操作超级管理员用户','2025-07-19 13:35:24',4),(116,'用户管理',2,'com.ruoyi.web.controller.system.SysUserController.edit()','PUT',1,'admin','研发部门','/system/user','127.0.0.1','内网IP','{\"admin\":true,\"avatar\":\"\",\"createBy\":\"admin\",\"createTime\":\"2025-07-19 12:25:23\",\"delFlag\":\"0\",\"dept\":{\"ancestors\":\"0,100,101\",\"children\":[],\"deptId\":103,\"deptName\":\"研发部门\",\"leader\":\"若依\",\"orderNum\":1,\"params\":{},\"parentId\":101,\"status\":\"0\"},\"deptId\":100,\"email\":\"ry@163.com\",\"loginDate\":\"2025-07-19 12:25:37\",\"loginIp\":\"127.0.0.1\",\"nickName\":\"管理员\",\"params\":{},\"phonenumber\":\"15888888888\",\"postIds\":[],\"pwdUpdateDate\":\"2025-07-19 12:25:23\",\"remark\":\"管理员\",\"roleIds\":[],\"roles\":[{\"admin\":true,\"dataScope\":\"1\",\"deptCheckStrictly\":false,\"flag\":false,\"menuCheckStrictly\":false,\"params\":{},\"roleId\":1,\"roleKey\":\"admin\",\"roleName\":\"超级管理员\",\"roleSort\":1,\"status\":\"0\"}],\"sex\":\"0\",\"status\":\"0\",\"userId\":1,\"userName\":\"admin\"}',NULL,1,'不允许操作超级管理员用户','2025-07-19 13:35:25',4),(117,'用户管理',2,'com.ruoyi.web.controller.system.SysUserController.edit()','PUT',1,'admin','研发部门','/system/user','127.0.0.1','内网IP','{\"admin\":true,\"avatar\":\"\",\"createBy\":\"admin\",\"createTime\":\"2025-07-19 12:25:23\",\"delFlag\":\"0\",\"dept\":{\"ancestors\":\"0,100,101\",\"children\":[],\"deptId\":103,\"deptName\":\"研发部门\",\"leader\":\"若依\",\"orderNum\":1,\"params\":{},\"parentId\":101,\"status\":\"0\"},\"deptId\":100,\"email\":\"ry@163.com\",\"loginDate\":\"2025-07-19 12:25:37\",\"loginIp\":\"127.0.0.1\",\"nickName\":\"管理员\",\"params\":{},\"phonenumber\":\"15888888888\",\"postIds\":[],\"pwdUpdateDate\":\"2025-07-19 12:25:23\",\"remark\":\"管理员\",\"roleIds\":[],\"roles\":[{\"admin\":true,\"dataScope\":\"1\",\"deptCheckStrictly\":false,\"flag\":false,\"menuCheckStrictly\":false,\"params\":{},\"roleId\":1,\"roleKey\":\"admin\",\"roleName\":\"超级管理员\",\"roleSort\":1,\"status\":\"0\"}],\"sex\":\"0\",\"status\":\"0\",\"userId\":1,\"userName\":\"admin\"}',NULL,1,'不允许操作超级管理员用户','2025-07-19 13:35:30',7),(118,'用户管理',2,'com.ruoyi.web.controller.system.SysUserController.edit()','PUT',1,'admin','研发部门','/system/user','127.0.0.1','内网IP','{\"admin\":true,\"avatar\":\"\",\"createBy\":\"admin\",\"createTime\":\"2025-07-19 12:25:23\",\"delFlag\":\"0\",\"dept\":{\"ancestors\":\"0,100,101\",\"children\":[],\"deptId\":103,\"deptName\":\"研发部门\",\"leader\":\"若依\",\"orderNum\":1,\"params\":{},\"parentId\":101,\"status\":\"0\"},\"deptId\":100,\"email\":\"ry@163.com\",\"loginDate\":\"2025-07-19 12:25:37\",\"loginIp\":\"127.0.0.1\",\"nickName\":\"管理员\",\"params\":{},\"phonenumber\":\"15888888888\",\"postIds\":[],\"pwdUpdateDate\":\"2025-07-19 12:25:23\",\"remark\":\"管理员\",\"roleIds\":[],\"roles\":[{\"admin\":true,\"dataScope\":\"1\",\"deptCheckStrictly\":false,\"flag\":false,\"menuCheckStrictly\":false,\"params\":{},\"roleId\":1,\"roleKey\":\"admin\",\"roleName\":\"超级管理员\",\"roleSort\":1,\"status\":\"0\"}],\"sex\":\"0\",\"status\":\"0\",\"userId\":1,\"userName\":\"admin\"}',NULL,1,'不允许操作超级管理员用户','2025-07-19 13:37:01',19819),(119,'用户管理',2,'com.ruoyi.web.controller.system.SysUserController.edit()','PUT',1,'admin','研发部门','/system/user','127.0.0.1','内网IP','{\"admin\":true,\"avatar\":\"\",\"createBy\":\"admin\",\"createTime\":\"2025-07-19 12:25:23\",\"delFlag\":\"0\",\"dept\":{\"ancestors\":\"0,100,101\",\"children\":[],\"deptId\":103,\"deptName\":\"研发部门\",\"leader\":\"若依\",\"orderNum\":1,\"params\":{},\"parentId\":101,\"status\":\"0\"},\"deptId\":100,\"email\":\"ry@163.com\",\"loginDate\":\"2025-07-19 12:25:37\",\"loginIp\":\"127.0.0.1\",\"nickName\":\"管理员\",\"params\":{},\"phonenumber\":\"15888888888\",\"postIds\":[],\"pwdUpdateDate\":\"2025-07-19 12:25:23\",\"remark\":\"管理员\",\"roleIds\":[],\"roles\":[{\"admin\":true,\"dataScope\":\"1\",\"deptCheckStrictly\":false,\"flag\":false,\"menuCheckStrictly\":false,\"params\":{},\"roleId\":1,\"roleKey\":\"admin\",\"roleName\":\"超级管理员\",\"roleSort\":1,\"status\":\"0\"}],\"sex\":\"0\",\"status\":\"0\",\"updateBy\":\"admin\",\"userId\":1,\"userName\":\"admin\"}','{\"msg\":\"操作成功\",\"code\":200}',0,NULL,'2025-07-19 13:37:28',172),(120,'部门管理',3,'com.ruoyi.web.controller.system.SysDeptController.remove()','DELETE',1,'admin','研发部门','/system/dept/103','127.0.0.1','内网IP','103','{\"msg\":\"操作成功\",\"code\":200}',0,NULL,'2025-07-19 13:40:40',11),(121,'部门管理',3,'com.ruoyi.web.controller.system.SysDeptController.remove()','DELETE',1,'admin','研发部门','/system/dept/101','127.0.0.1','内网IP','101','{\"msg\":\"操作成功\",\"code\":200}',0,NULL,'2025-07-19 13:40:42',8),(122,'部门管理',1,'com.ruoyi.web.controller.system.SysDeptController.add()','POST',1,'admin','研发部门','/system/dept','127.0.0.1','内网IP','{\"ancestors\":\"0,100\",\"children\":[],\"createBy\":\"admin\",\"deptName\":\"成都房建公寓段\",\"orderNum\":0,\"params\":{},\"parentId\":100,\"status\":\"0\"}','{\"msg\":\"操作成功\",\"code\":200}',0,NULL,'2025-07-19 13:46:18',21),(123,'通知公告',3,'com.ruoyi.web.controller.system.SysNoticeController.remove()','DELETE',1,'admin','研发部门','/system/notice/2','127.0.0.1','内网IP','[2]','{\"msg\":\"操作成功\",\"code\":200}',0,NULL,'2025-07-19 13:47:46',8),(124,'通知公告',3,'com.ruoyi.web.controller.system.SysNoticeController.remove()','DELETE',1,'admin','研发部门','/system/notice/1','127.0.0.1','内网IP','[1]','{\"msg\":\"操作成功\",\"code\":200}',0,NULL,'2025-07-19 13:47:48',3),(125,'岗位管理',3,'com.ruoyi.web.controller.system.SysPostController.remove()','DELETE',1,'admin','研发部门','/system/post/4','127.0.0.1','内网IP','[4]','{\"msg\":\"操作成功\",\"code\":200}',0,NULL,'2025-07-19 13:48:14',7),(126,'岗位管理',3,'com.ruoyi.web.controller.system.SysPostController.remove()','DELETE',1,'admin','研发部门','/system/post/3','127.0.0.1','内网IP','[3]','{\"msg\":\"操作成功\",\"code\":200}',0,NULL,'2025-07-19 13:48:16',6),(127,'岗位管理',3,'com.ruoyi.web.controller.system.SysPostController.remove()','DELETE',1,'admin','研发部门','/system/post/2','127.0.0.1','内网IP','[2]','{\"msg\":\"操作成功\",\"code\":200}',0,NULL,'2025-07-19 13:48:18',8),(128,'岗位管理',3,'com.ruoyi.web.controller.system.SysPostController.remove()','DELETE',1,'admin','研发部门','/system/post/1','127.0.0.1','内网IP','[1]','{\"msg\":\"操作成功\",\"code\":200}',0,NULL,'2025-07-19 13:48:19',5),(129,'部门管理',1,'com.ruoyi.web.controller.system.SysDeptController.add()','POST',1,'admin','研发部门','/system/dept','127.0.0.1','内网IP','{\"ancestors\":\"0,100\",\"children\":[],\"createBy\":\"admin\",\"deptName\":\"段领导\",\"orderNum\":0,\"params\":{},\"parentId\":100,\"status\":\"0\"}','{\"msg\":\"操作成功\",\"code\":200}',0,NULL,'2025-07-19 13:49:28',7),(130,'部门管理',1,'com.ruoyi.web.controller.system.SysDeptController.add()','POST',1,'admin','研发部门','/system/dept','127.0.0.1','内网IP','{\"ancestors\":\"0,100\",\"children\":[],\"createBy\":\"admin\",\"deptName\":\"党群工作科\",\"orderNum\":0,\"params\":{},\"parentId\":100,\"status\":\"0\"}','{\"msg\":\"操作成功\",\"code\":200}',0,NULL,'2025-07-19 13:49:41',8),(131,'部门管理',2,'com.ruoyi.web.controller.system.SysDeptController.edit()','PUT',1,'admin','研发部门','/system/dept','127.0.0.1','内网IP','{\"ancestors\":\"0,100\",\"children\":[],\"deptId\":202,\"deptName\":\"党群工作科\",\"orderNum\":1,\"params\":{},\"parentId\":100,\"parentName\":\"成都房建公寓段\",\"status\":\"0\",\"updateBy\":\"admin\"}','{\"msg\":\"操作成功\",\"code\":200}',0,NULL,'2025-07-19 13:49:49',16),(132,'部门管理',1,'com.ruoyi.web.controller.system.SysDeptController.add()','POST',1,'admin','研发部门','/system/dept','127.0.0.1','内网IP','{\"ancestors\":\"0,100\",\"children\":[],\"createBy\":\"admin\",\"deptName\":\"办公室（党委办公室）\",\"orderNum\":2,\"params\":{},\"parentId\":100,\"status\":\"0\"}','{\"msg\":\"操作成功\",\"code\":200}',0,NULL,'2025-07-19 13:50:09',6),(133,'部门管理',1,'com.ruoyi.web.controller.system.SysDeptController.add()','POST',1,'admin','研发部门','/system/dept','127.0.0.1','内网IP','{\"ancestors\":\"0,100\",\"children\":[],\"createBy\":\"admin\",\"deptName\":\"劳动人事科（党委组织科）\",\"orderNum\":3,\"params\":{},\"parentId\":100,\"status\":\"0\"}','{\"msg\":\"操作成功\",\"code\":200}',0,NULL,'2025-07-19 13:50:30',9),(134,'部门管理',1,'com.ruoyi.web.controller.system.SysDeptController.add()','POST',1,'admin','研发部门','/system/dept','127.0.0.1','内网IP','{\"ancestors\":\"0,100\",\"children\":[],\"createBy\":\"admin\",\"deptName\":\"计划财务科\",\"orderNum\":4,\"params\":{},\"parentId\":100,\"status\":\"0\"}','{\"msg\":\"操作成功\",\"code\":200}',0,NULL,'2025-07-19 13:50:44',7),(135,'部门管理',1,'com.ruoyi.web.controller.system.SysDeptController.add()','POST',1,'admin','研发部门','/system/dept','127.0.0.1','内网IP','{\"ancestors\":\"0,100\",\"children\":[],\"createBy\":\"admin\",\"deptName\":\"技术科\",\"orderNum\":5,\"params\":{},\"parentId\":100,\"status\":\"0\"}','{\"msg\":\"操作成功\",\"code\":200}',0,NULL,'2025-07-19 13:50:53',8),(136,'部门管理',1,'com.ruoyi.web.controller.system.SysDeptController.add()','POST',1,'admin','研发部门','/system/dept','127.0.0.1','内网IP','{\"ancestors\":\"0,100\",\"children\":[],\"createBy\":\"admin\",\"deptName\":\"公寓科\",\"orderNum\":6,\"params\":{},\"parentId\":100,\"status\":\"0\"}','{\"msg\":\"操作成功\",\"code\":200}',0,NULL,'2025-07-19 13:51:12',9),(137,'部门管理',1,'com.ruoyi.web.controller.system.SysDeptController.add()','POST',1,'admin','研发部门','/system/dept','127.0.0.1','内网IP','{\"ancestors\":\"0,100\",\"children\":[],\"createBy\":\"admin\",\"deptName\":\"安全培训科\",\"orderNum\":7,\"params\":{},\"parentId\":100,\"status\":\"0\"}','{\"msg\":\"操作成功\",\"code\":200}',0,NULL,'2025-07-19 13:51:28',6),(138,'部门管理',1,'com.ruoyi.web.controller.system.SysDeptController.add()','POST',1,'admin','研发部门','/system/dept','127.0.0.1','内网IP','{\"ancestors\":\"0,100\",\"children\":[],\"createBy\":\"admin\",\"deptName\":\"房建检测和维修中心\",\"orderNum\":8,\"params\":{},\"parentId\":100,\"status\":\"0\"}','{\"msg\":\"操作成功\",\"code\":200}',0,NULL,'2025-07-19 13:51:49',10),(139,'部门管理',1,'com.ruoyi.web.controller.system.SysDeptController.add()','POST',1,'admin','研发部门','/system/dept','127.0.0.1','内网IP','{\"ancestors\":\"0,100\",\"children\":[],\"createBy\":\"admin\",\"deptName\":\"安全生产调度指挥中心\",\"orderNum\":9,\"params\":{},\"parentId\":100,\"status\":\"0\"}','{\"msg\":\"操作成功\",\"code\":200}',0,NULL,'2025-07-19 13:52:06',8),(140,'部门管理',1,'com.ruoyi.web.controller.system.SysDeptController.add()','POST',1,'admin','研发部门','/system/dept','127.0.0.1','内网IP','{\"ancestors\":\"0,100\",\"children\":[],\"createBy\":\"admin\",\"deptName\":\"成都房建车间\",\"orderNum\":10,\"params\":{},\"parentId\":100,\"status\":\"0\"}','{\"msg\":\"操作成功\",\"code\":200}',0,NULL,'2025-07-19 13:52:21',12),(141,'部门管理',1,'com.ruoyi.web.controller.system.SysDeptController.add()','POST',1,'admin','研发部门','/system/dept','127.0.0.1','内网IP','{\"ancestors\":\"0,100\",\"children\":[],\"createBy\":\"admin\",\"deptName\":\"成都西房建车间\",\"orderNum\":11,\"params\":{},\"parentId\":100,\"status\":\"0\"}','{\"msg\":\"操作成功\",\"code\":200}',0,NULL,'2025-07-19 13:52:35',9),(142,'部门管理',1,'com.ruoyi.web.controller.system.SysDeptController.add()','POST',1,'admin','研发部门','/system/dept','127.0.0.1','内网IP','{\"ancestors\":\"0,100\",\"children\":[],\"createBy\":\"admin\",\"deptName\":\"绵阳房建车间\",\"orderNum\":12,\"params\":{},\"parentId\":100,\"status\":\"0\"}','{\"msg\":\"操作成功\",\"code\":200}',0,NULL,'2025-07-19 13:52:49',11),(143,'部门管理',1,'com.ruoyi.web.controller.system.SysDeptController.add()','POST',1,'admin','研发部门','/system/dept','127.0.0.1','内网IP','{\"ancestors\":\"0,100\",\"children\":[],\"createBy\":\"admin\",\"deptName\":\"峨眉房建车间\",\"orderNum\":13,\"params\":{},\"parentId\":100,\"status\":\"0\"}','{\"msg\":\"操作成功\",\"code\":200}',0,NULL,'2025-07-19 13:53:03',6),(144,'部门管理',1,'com.ruoyi.web.controller.system.SysDeptController.add()','POST',1,'admin','研发部门','/system/dept','127.0.0.1','内网IP','{\"ancestors\":\"0,100\",\"children\":[],\"createBy\":\"admin\",\"deptName\":\"广元房建车间\",\"orderNum\":14,\"params\":{},\"parentId\":100,\"status\":\"0\"}','{\"msg\":\"操作成功\",\"code\":200}',0,NULL,'2025-07-19 13:53:20',5),(145,'部门管理',1,'com.ruoyi.web.controller.system.SysDeptController.add()','POST',1,'admin','研发部门','/system/dept','127.0.0.1','内网IP','{\"ancestors\":\"0,100\",\"children\":[],\"createBy\":\"admin\",\"deptName\":\"松潘房建公寓车间\",\"orderNum\":15,\"params\":{},\"parentId\":100,\"status\":\"0\"}','{\"msg\":\"操作成功\",\"code\":200}',0,NULL,'2025-07-19 13:53:47',10),(146,'部门管理',1,'com.ruoyi.web.controller.system.SysDeptController.add()','POST',1,'admin','研发部门','/system/dept','127.0.0.1','内网IP','{\"ancestors\":\"0,100\",\"children\":[],\"createBy\":\"admin\",\"deptName\":\"西昌房建公寓车间\",\"orderNum\":16,\"params\":{},\"parentId\":100,\"status\":\"0\"}','{\"msg\":\"操作成功\",\"code\":200}',0,NULL,'2025-07-19 13:54:17',7),(147,'部门管理',1,'com.ruoyi.web.controller.system.SysDeptController.add()','POST',1,'admin','研发部门','/system/dept','127.0.0.1','内网IP','{\"ancestors\":\"0,100\",\"children\":[],\"createBy\":\"admin\",\"deptName\":\"攀枝花房建公寓车间\",\"orderNum\":17,\"params\":{},\"parentId\":100,\"status\":\"0\"}','{\"msg\":\"操作成功\",\"code\":200}',0,NULL,'2025-07-19 13:54:41',6),(148,'部门管理',1,'com.ruoyi.web.controller.system.SysDeptController.add()','POST',1,'admin','研发部门','/system/dept','127.0.0.1','内网IP','{\"ancestors\":\"0,100\",\"children\":[],\"createBy\":\"admin\",\"deptName\":\"乐至房建公寓车间筹备组\",\"orderNum\":18,\"params\":{},\"parentId\":100,\"status\":\"0\"}','{\"msg\":\"操作成功\",\"code\":200}',0,NULL,'2025-07-19 13:55:14',6),(149,'部门管理',1,'com.ruoyi.web.controller.system.SysDeptController.add()','POST',1,'admin','研发部门','/system/dept','127.0.0.1','内网IP','{\"ancestors\":\"0,100\",\"children\":[],\"createBy\":\"admin\",\"deptName\":\"新线介入小组\",\"orderNum\":19,\"params\":{},\"parentId\":100,\"status\":\"0\"}','{\"msg\":\"操作成功\",\"code\":200}',0,NULL,'2025-07-19 13:55:38',6),(150,'菜单管理',1,'com.ruoyi.web.controller.system.SysMenuController.add()','POST',1,'admin','成都房建公寓段','/system/menu','127.0.0.1','内网IP','{\"children\":[],\"createBy\":\"admin\",\"icon\":\"edit\",\"isCache\":\"0\",\"isFrame\":\"1\",\"menuName\":\"评议单管理\",\"menuType\":\"M\",\"orderNum\":0,\"params\":{},\"parentId\":0,\"path\":\"evaluate\",\"status\":\"0\",\"visible\":\"0\"}','{\"msg\":\"操作成功\",\"code\":200}',0,NULL,'2026-06-17 20:51:29',44),(151,'菜单管理',1,'com.ruoyi.web.controller.system.SysMenuController.add()','POST',1,'admin','成都房建公寓段','/system/menu','127.0.0.1','内网IP','{\"children\":[],\"component\":\"evaluate/order/index\",\"createBy\":\"admin\",\"icon\":\"list\",\"isCache\":\"0\",\"isFrame\":\"1\",\"menuName\":\"评议单管理\",\"menuType\":\"C\",\"orderNum\":0,\"params\":{},\"parentId\":2000,\"path\":\"evaluate/order\",\"routeName\":\"order\",\"status\":\"0\",\"visible\":\"0\"}','{\"msg\":\"操作成功\",\"code\":200}',0,NULL,'2026-06-17 20:53:14',20),(152,'菜单管理',2,'com.ruoyi.web.controller.system.SysMenuController.edit()','PUT',1,'admin','成都房建公寓段','/system/menu','127.0.0.1','内网IP','{\"children\":[],\"createTime\":\"2026-06-17 20:51:29\",\"icon\":\"edit\",\"isCache\":\"0\",\"isFrame\":\"1\",\"menuId\":2000,\"menuName\":\"评议管理\",\"menuType\":\"M\",\"orderNum\":0,\"params\":{},\"parentId\":0,\"path\":\"evaluate\",\"perms\":\"\",\"routeName\":\"\",\"status\":\"0\",\"updateBy\":\"admin\",\"visible\":\"0\"}','{\"msg\":\"操作成功\",\"code\":200}',0,NULL,'2026-06-17 20:53:23',19),(153,'评议单管理',1,'com.ruoyi.touki.controller.EvaluateOrderController.add()','POST',1,'admin','成都房建公寓段','/evaluate/order/add','127.0.0.1','内网IP','{\"createBy\":\"admin\",\"createTime\":\"2026-06-17 20:53:52.218\",\"deadline\":\"2026-06-18\",\"evaluatedPersonDepartment\":\"测试\",\"evaluatedPersonName\":\"测试\",\"orderId\":2067229237829472257,\"remark\":\"111\",\"updateBy\":\"admin\",\"updateTime\":\"2026-06-17 20:53:52.224\"}',NULL,1,'\r\n### Error updating database.  Cause: java.sql.SQLException: Field \'evaluate_name\' doesn\'t have a default value\r\n### The error may exist in com/ruoyi/touki/mapper/EvaluateOrderMapper.java (best guess)\r\n### The error may involve com.ruoyi.touki.mapper.EvaluateOrderMapper.insert-Inline\r\n### The error occurred while setting parameters\r\n### SQL: INSERT INTO evaluate_order  ( order_id,  evaluated_person_name, evaluated_person_department, deadline,  remark,  create_by, create_time, update_by, update_time )  VALUES  ( ?,  ?, ?, ?,  ?,  ?, ?, ?, ? )\r\n### Cause: java.sql.SQLException: Field \'evaluate_name\' doesn\'t have a default value\n; Field \'evaluate_name\' doesn\'t have a default value; nested exception is java.sql.SQLException: Field \'evaluate_name\' doesn\'t have a default value','2026-06-17 20:53:52',163),(154,'评议单管理',1,'com.ruoyi.touki.controller.EvaluateOrderController.add()','POST',1,'admin','成都房建公寓段','/evaluate/order/add','127.0.0.1','内网IP','{\"createBy\":\"admin\",\"createTime\":\"2026-06-17 20:56:32.397\",\"deadline\":\"2026-06-19\",\"evaluateName\":\"关于xxxxx的评议事项\",\"evaluatedPersonDepartment\":\"安调中心\",\"evaluatedPersonName\":\"张三\",\"orderId\":2067229909639532546,\"remark\":\"111\",\"updateBy\":\"admin\",\"updateTime\":\"2026-06-17 20:56:32.397\"}','{\"msg\":\"操作成功\",\"code\":200}',0,NULL,'2026-06-17 20:56:32',15),(155,'字典类型',1,'com.ruoyi.web.controller.system.SysDictTypeController.add()','POST',1,'admin','成都房建公寓段','/system/dict/type','127.0.0.1','内网IP','{\"createBy\":\"admin\",\"dictName\":\"评议单状态\",\"dictType\":\"evaluate_order_status\",\"params\":{},\"status\":\"0\"}','{\"msg\":\"操作成功\",\"code\":200}',0,NULL,'2026-06-17 20:57:12',12),(156,'字典数据',1,'com.ruoyi.web.controller.system.SysDictDataController.add()','POST',1,'admin','成都房建公寓段','/system/dict/data','127.0.0.1','内网IP','{\"createBy\":\"admin\",\"default\":false,\"dictLabel\":\"草稿\",\"dictSort\":0,\"dictType\":\"evaluate_order_status\",\"dictValue\":\"0\",\"listClass\":\"primary\",\"params\":{},\"status\":\"0\"}','{\"msg\":\"操作成功\",\"code\":200}',0,NULL,'2026-06-17 20:57:31',18),(157,'字典数据',1,'com.ruoyi.web.controller.system.SysDictDataController.add()','POST',1,'admin','成都房建公寓段','/system/dict/data','127.0.0.1','内网IP','{\"createBy\":\"admin\",\"default\":false,\"dictLabel\":\"已发布\",\"dictSort\":1,\"dictType\":\"evaluate_order_status\",\"dictValue\":\"1\",\"listClass\":\"warning\",\"params\":{},\"status\":\"0\"}','{\"msg\":\"操作成功\",\"code\":200}',0,NULL,'2026-06-17 20:57:44',30),(158,'字典数据',1,'com.ruoyi.web.controller.system.SysDictDataController.add()','POST',1,'admin','成都房建公寓段','/system/dict/data','127.0.0.1','内网IP','{\"createBy\":\"admin\",\"default\":false,\"dictLabel\":\"已完成\",\"dictSort\":2,\"dictType\":\"evaluate_order_status\",\"dictValue\":\"2\",\"listClass\":\"success\",\"params\":{},\"status\":\"0\"}','{\"msg\":\"操作成功\",\"code\":200}',0,NULL,'2026-06-17 20:58:01',16),(159,'评议单管理',1,'com.ruoyi.touki.controller.EvaluateOrderController.add()','POST',1,'admin','成都房建公寓段','/evaluate/order/add','127.0.0.1','内网IP','{\"createBy\":\"admin\",\"createTime\":\"2026-06-17 21:45:09.408\",\"deadline\":\"2026-06-25\",\"evaluateName\":\"关于张三XXXXX事项的调查问卷\",\"evaluatedPersonDepartment\":\"安调中心\",\"evaluatedPersonName\":\"张三\",\"orderId\":2067242144499884034,\"remark\":\"测试\",\"updateBy\":\"admin\",\"updateTime\":\"2026-06-17 21:45:09.411\"}','{\"msg\":\"操作成功\",\"code\":200}',0,NULL,'2026-06-17 21:45:09',78),(160,'评议单管理',10,'com.ruoyi.touki.controller.EvaluateOrderController.publish()','POST',1,'admin','成都房建公寓段','/evaluate/order/publish','127.0.0.1','内网IP','{\"orderId\":\"2067242144499884034\"}','{\"msg\":\"操作成功\",\"code\":200}',0,NULL,'2026-06-17 21:45:31',45),(161,'字典类型',1,'com.ruoyi.web.controller.system.SysDictTypeController.add()','POST',1,'admin','成都房建公寓段','/system/dict/type','127.0.0.1','内网IP','{\"createBy\":\"admin\",\"dictName\":\"评议题型\",\"dictType\":\"evaluate_item_type\",\"params\":{},\"status\":\"0\"}','{\"msg\":\"操作成功\",\"code\":200}',0,NULL,'2026-06-18 10:28:39',25),(162,'字典数据',1,'com.ruoyi.web.controller.system.SysDictDataController.add()','POST',1,'admin','成都房建公寓段','/system/dict/data','127.0.0.1','内网IP','{\"createBy\":\"admin\",\"default\":false,\"dictLabel\":\"单选\",\"dictSort\":0,\"dictType\":\"evaluate_item_type\",\"dictValue\":\"0\",\"listClass\":\"default\",\"params\":{},\"status\":\"0\"}','{\"msg\":\"操作成功\",\"code\":200}',0,NULL,'2026-06-18 10:29:40',7),(163,'字典数据',1,'com.ruoyi.web.controller.system.SysDictDataController.add()','POST',1,'admin','成都房建公寓段','/system/dict/data','127.0.0.1','内网IP','{\"createBy\":\"admin\",\"default\":false,\"dictLabel\":\"多选\",\"dictSort\":1,\"dictType\":\"evaluate_item_type\",\"dictValue\":\"1\",\"listClass\":\"default\",\"params\":{},\"status\":\"0\"}','{\"msg\":\"操作成功\",\"code\":200}',0,NULL,'2026-06-18 10:30:03',10),(164,'字典数据',1,'com.ruoyi.web.controller.system.SysDictDataController.add()','POST',1,'admin','成都房建公寓段','/system/dict/data','127.0.0.1','内网IP','{\"createBy\":\"admin\",\"default\":false,\"dictLabel\":\"填空\",\"dictSort\":2,\"dictType\":\"evaluate_item_type\",\"dictValue\":\"2\",\"listClass\":\"default\",\"params\":{},\"status\":\"0\"}','{\"msg\":\"操作成功\",\"code\":200}',0,NULL,'2026-06-18 10:30:14',6),(165,'字典类型',9,'com.ruoyi.web.controller.system.SysDictTypeController.refreshCache()','DELETE',1,'admin','成都房建公寓段','/system/dict/type/refreshCache','127.0.0.1','内网IP','','{\"msg\":\"操作成功\",\"code\":200}',0,NULL,'2026-06-18 10:30:19',24),(166,'评议单管理',2,'com.ruoyi.touki.controller.EvaluateOrderController.update()','POST',1,'admin','成都房建公寓段','/evaluate/order/update','127.0.0.1','内网IP','{\"createBy\":\"admin\",\"createTime\":\"2026-06-22 09:34:48.16\",\"deadline\":\"2026-06-23\",\"evaluateName\":\"111\",\"evaluatedPersonDepartment\":\"333\",\"evaluatedPersonName\":\"222\",\"orderId\":2068870284191150081,\"remark\":\"444\",\"updateBy\":\"admin\",\"updateTime\":\"2026-06-22 09:34:48.163\"}','{\"msg\":\"操作成功\",\"code\":200}',0,NULL,'2026-06-22 09:34:48',68),(167,'评议单管理',1,'com.ruoyi.touki.controller.EvaluateOrderController.add()','POST',1,'admin','成都房建公寓段','/evaluate/order/add','127.0.0.1','内网IP','{\"createBy\":\"admin\",\"createTime\":\"2026-06-22 09:36:57.071\",\"deadline\":\"2026-06-09\",\"evaluateName\":\"111\",\"evaluatedPersonDepartment\":\"333\",\"evaluatedPersonName\":\"222\",\"orderId\":2068870824853712897,\"remark\":\"444\",\"updateBy\":\"admin\",\"updateTime\":\"2026-06-22 09:36:57.072\"}','{\"msg\":\"操作成功\",\"code\":200}',0,NULL,'2026-06-22 09:36:57',9),(168,'评议单管理',3,'com.ruoyi.touki.controller.EvaluateOrderController.remove()','POST',1,'admin','成都房建公寓段','/evaluate/order/remove','127.0.0.1','内网IP','[2068870284191150081]','{\"msg\":\"操作成功\",\"code\":200}',0,NULL,'2026-06-22 09:49:59',47),(169,'评议单管理',3,'com.ruoyi.touki.controller.EvaluateOrderController.remove()','POST',1,'admin','成都房建公寓段','/evaluate/order/remove','127.0.0.1','内网IP','[2068870824853712897]','{\"msg\":\"操作成功\",\"code\":200}',0,NULL,'2026-06-22 09:50:00',6),(170,'评议单管理',1,'com.ruoyi.touki.controller.EvaluateOrderController.add()','POST',1,'admin','成都房建公寓段','/evaluate/order/add','127.0.0.1','内网IP','{\"deadline\":\"2026-06-12\",\"evaluateName\":\"1\",\"evaluatedPersonDepartment\":\"3\",\"evaluatedPersonName\":\"2\",\"remark\":\"4\"}',NULL,1,'java.lang.NullPointerException\r\n	at com.ruoyi.touki.service.impl.EvaluateOrderServiceImpl.insertOrder(EvaluateOrderServiceImpl.java:67)\r\n	at com.ruoyi.touki.service.impl.EvaluateOrderServiceImpl$$FastClassBySpringCGLIB$$736feb00.invoke(<generated>)\r\n	at org.springframework.cglib.proxy.MethodProxy.invoke(MethodProxy.java:218)\r\n	at org.springframework.aop.framework.CglibAopProxy$CglibMethodInvocation.invokeJoinpoint(CglibAopProxy.java:792)\r\n	at org.springframework.aop.framework.ReflectiveMethodInvocation.proceed(ReflectiveMethodInvocation.java:163)\r\n	at org.springframework.aop.framework.CglibAopProxy$CglibMethodInvocation.proceed(CglibAopProxy.java:762)\r\n	at org.springframework.transaction.interceptor.TransactionInterceptor$1.proceedWithInvocation(TransactionInterceptor.java:123)\r\n	at org.springframework.transaction.interceptor.TransactionAspectSupport.invokeWithinTransaction(TransactionAspectSupport.java:388)\r\n	at org.springframework.transaction.interceptor.TransactionInterceptor.invoke(TransactionInterceptor.java:119)\r\n	at org.springframework.aop.framework.ReflectiveMethodInvocation.proceed(ReflectiveMethodInvocation.java:186)\r\n	at org.springframework.aop.framework.CglibAopProxy$CglibMethodInvocation.proceed(CglibAopProxy.java:762)\r\n	at org.springframework.aop.framework.CglibAopProxy$DynamicAdvisedInterceptor.intercept(CglibAopProxy.java:707)\r\n	at com.ruoyi.touki.service.impl.EvaluateOrderServiceImpl$$EnhancerBySpringCGLIB$$7a9e926d.insertOrder(<generated>)\r\n	at com.ruoyi.touki.controller.EvaluateOrderController.add(EvaluateOrderController.java:42)\r\n	at com.ruoyi.touki.controller.EvaluateOrderController$$FastClassBySpringCGLIB$$e77cb3d4.invoke(<generated>)\r\n	at org.springframework.cglib.proxy.MethodProxy.invoke(MethodProxy.java:218)\r\n	at org.springframework.aop.framework.CglibAopProxy$CglibMethodInvocation.invokeJoinpoint(CglibAopProxy.java:792)\r\n	at org.springframework.aop.framework.ReflectiveMethodInvocation.proceed(ReflectiveMethodInvocation.java:163)\r\n	at org.sp','2026-06-22 10:49:11',64),(171,'评议单管理',1,'com.ruoyi.touki.controller.EvaluateOrderController.add()','POST',1,'admin','成都房建公寓段','/evaluate/order/add','127.0.0.1','内网IP','{\"deadline\":\"2026-06-12\",\"evaluateName\":\"1\",\"evaluatedPersonDepartment\":\"3\",\"evaluatedPersonName\":\"2\",\"remark\":\"4\"}',NULL,1,'java.lang.NullPointerException\r\n	at com.ruoyi.touki.service.impl.EvaluateOrderServiceImpl.insertOrder(EvaluateOrderServiceImpl.java:67)\r\n	at com.ruoyi.touki.service.impl.EvaluateOrderServiceImpl$$FastClassBySpringCGLIB$$736feb00.invoke(<generated>)\r\n	at org.springframework.cglib.proxy.MethodProxy.invoke(MethodProxy.java:218)\r\n	at org.springframework.aop.framework.CglibAopProxy$CglibMethodInvocation.invokeJoinpoint(CglibAopProxy.java:792)\r\n	at org.springframework.aop.framework.ReflectiveMethodInvocation.proceed(ReflectiveMethodInvocation.java:163)\r\n	at org.springframework.aop.framework.CglibAopProxy$CglibMethodInvocation.proceed(CglibAopProxy.java:762)\r\n	at org.springframework.transaction.interceptor.TransactionInterceptor$1.proceedWithInvocation(TransactionInterceptor.java:123)\r\n	at org.springframework.transaction.interceptor.TransactionAspectSupport.invokeWithinTransaction(TransactionAspectSupport.java:388)\r\n	at org.springframework.transaction.interceptor.TransactionInterceptor.invoke(TransactionInterceptor.java:119)\r\n	at org.springframework.aop.framework.ReflectiveMethodInvocation.proceed(ReflectiveMethodInvocation.java:186)\r\n	at org.springframework.aop.framework.CglibAopProxy$CglibMethodInvocation.proceed(CglibAopProxy.java:762)\r\n	at org.springframework.aop.framework.CglibAopProxy$DynamicAdvisedInterceptor.intercept(CglibAopProxy.java:707)\r\n	at com.ruoyi.touki.service.impl.EvaluateOrderServiceImpl$$EnhancerBySpringCGLIB$$7a9e926d.insertOrder(<generated>)\r\n	at com.ruoyi.touki.controller.EvaluateOrderController.add(EvaluateOrderController.java:42)\r\n	at com.ruoyi.touki.controller.EvaluateOrderController$$FastClassBySpringCGLIB$$e77cb3d4.invoke(<generated>)\r\n	at org.springframework.cglib.proxy.MethodProxy.invoke(MethodProxy.java:218)\r\n	at org.springframework.aop.framework.CglibAopProxy$CglibMethodInvocation.invokeJoinpoint(CglibAopProxy.java:792)\r\n	at org.springframework.aop.framework.ReflectiveMethodInvocation.proceed(ReflectiveMethodInvocation.java:163)\r\n	at org.sp','2026-06-22 10:50:09',24292),(172,'评议单管理',1,'com.ruoyi.touki.controller.EvaluateOrderController.add()','POST',1,'admin','成都房建公寓段','/evaluate/order/add','127.0.0.1','内网IP','{\"deadline\":\"2026-06-12\",\"evaluateName\":\"1\",\"evaluatedPersonDepartment\":\"3\",\"evaluatedPersonName\":\"2\",\"remark\":\"4\"}',NULL,1,'java.lang.NullPointerException\r\n	at com.ruoyi.touki.service.impl.EvaluateOrderServiceImpl.insertOrder(EvaluateOrderServiceImpl.java:67)\r\n	at com.ruoyi.touki.service.impl.EvaluateOrderServiceImpl$$FastClassBySpringCGLIB$$736feb00.invoke(<generated>)\r\n	at org.springframework.cglib.proxy.MethodProxy.invoke(MethodProxy.java:218)\r\n	at org.springframework.aop.framework.CglibAopProxy$CglibMethodInvocation.invokeJoinpoint(CglibAopProxy.java:792)\r\n	at org.springframework.aop.framework.ReflectiveMethodInvocation.proceed(ReflectiveMethodInvocation.java:163)\r\n	at org.springframework.aop.framework.CglibAopProxy$CglibMethodInvocation.proceed(CglibAopProxy.java:762)\r\n	at org.springframework.transaction.interceptor.TransactionInterceptor$1.proceedWithInvocation(TransactionInterceptor.java:123)\r\n	at org.springframework.transaction.interceptor.TransactionAspectSupport.invokeWithinTransaction(TransactionAspectSupport.java:388)\r\n	at org.springframework.transaction.interceptor.TransactionInterceptor.invoke(TransactionInterceptor.java:119)\r\n	at org.springframework.aop.framework.ReflectiveMethodInvocation.proceed(ReflectiveMethodInvocation.java:186)\r\n	at org.springframework.aop.framework.CglibAopProxy$CglibMethodInvocation.proceed(CglibAopProxy.java:762)\r\n	at org.springframework.aop.framework.CglibAopProxy$DynamicAdvisedInterceptor.intercept(CglibAopProxy.java:707)\r\n	at com.ruoyi.touki.service.impl.EvaluateOrderServiceImpl$$EnhancerBySpringCGLIB$$7a9e926d.insertOrder(<generated>)\r\n	at com.ruoyi.touki.controller.EvaluateOrderController.add(EvaluateOrderController.java:42)\r\n	at com.ruoyi.touki.controller.EvaluateOrderController$$FastClassBySpringCGLIB$$e77cb3d4.invoke(<generated>)\r\n	at org.springframework.cglib.proxy.MethodProxy.invoke(MethodProxy.java:218)\r\n	at org.springframework.aop.framework.CglibAopProxy$CglibMethodInvocation.invokeJoinpoint(CglibAopProxy.java:792)\r\n	at org.springframework.aop.framework.ReflectiveMethodInvocation.proceed(ReflectiveMethodInvocation.java:163)\r\n	at org.sp','2026-06-22 10:50:31',14480),(173,'评议单管理',1,'com.ruoyi.touki.controller.EvaluateOrderController.add()','POST',1,'admin','成都房建公寓段','/evaluate/order/add','127.0.0.1','内网IP','{\"deadline\":\"2026-06-12\",\"evaluateName\":\"1\",\"evaluatedPersonDepartment\":\"3\",\"evaluatedPersonName\":\"2\",\"remark\":\"4\"}',NULL,1,'java.lang.NullPointerException\r\n	at com.ruoyi.touki.service.impl.EvaluateOrderServiceImpl.insertOrder(EvaluateOrderServiceImpl.java:67)\r\n	at com.ruoyi.touki.service.impl.EvaluateOrderServiceImpl$$FastClassBySpringCGLIB$$736feb00.invoke(<generated>)\r\n	at org.springframework.cglib.proxy.MethodProxy.invoke(MethodProxy.java:218)\r\n	at org.springframework.aop.framework.CglibAopProxy$CglibMethodInvocation.invokeJoinpoint(CglibAopProxy.java:792)\r\n	at org.springframework.aop.framework.ReflectiveMethodInvocation.proceed(ReflectiveMethodInvocation.java:163)\r\n	at org.springframework.aop.framework.CglibAopProxy$CglibMethodInvocation.proceed(CglibAopProxy.java:762)\r\n	at org.springframework.transaction.interceptor.TransactionInterceptor$1.proceedWithInvocation(TransactionInterceptor.java:123)\r\n	at org.springframework.transaction.interceptor.TransactionAspectSupport.invokeWithinTransaction(TransactionAspectSupport.java:388)\r\n	at org.springframework.transaction.interceptor.TransactionInterceptor.invoke(TransactionInterceptor.java:119)\r\n	at org.springframework.aop.framework.ReflectiveMethodInvocation.proceed(ReflectiveMethodInvocation.java:186)\r\n	at org.springframework.aop.framework.CglibAopProxy$CglibMethodInvocation.proceed(CglibAopProxy.java:762)\r\n	at org.springframework.aop.framework.CglibAopProxy$DynamicAdvisedInterceptor.intercept(CglibAopProxy.java:707)\r\n	at com.ruoyi.touki.service.impl.EvaluateOrderServiceImpl$$EnhancerBySpringCGLIB$$a204459f.insertOrder(<generated>)\r\n	at com.ruoyi.touki.controller.EvaluateOrderController.add(EvaluateOrderController.java:42)\r\n	at com.ruoyi.touki.controller.EvaluateOrderController$$FastClassBySpringCGLIB$$e77cb3d4.invoke(<generated>)\r\n	at org.springframework.cglib.proxy.MethodProxy.invoke(MethodProxy.java:218)\r\n	at org.springframework.aop.framework.CglibAopProxy$CglibMethodInvocation.invokeJoinpoint(CglibAopProxy.java:792)\r\n	at org.springframework.aop.framework.ReflectiveMethodInvocation.proceed(ReflectiveMethodInvocation.java:163)\r\n	at org.sp','2026-06-22 10:58:39',116),(174,'评议单管理',1,'com.ruoyi.touki.controller.EvaluateOrderController.add()','POST',1,'admin','成都房建公寓段','/evaluate/order/add','127.0.0.1','内网IP','{\"deadline\":\"2026-06-12\",\"evaluateName\":\"1\",\"evaluatedPersonDepartment\":\"3\",\"evaluatedPersonName\":\"2\",\"remark\":\"4\"}',NULL,1,'java.lang.NullPointerException\r\n	at com.ruoyi.touki.service.impl.EvaluateOrderServiceImpl.insertOrder(EvaluateOrderServiceImpl.java:67)\r\n	at com.ruoyi.touki.service.impl.EvaluateOrderServiceImpl$$FastClassBySpringCGLIB$$736feb00.invoke(<generated>)\r\n	at org.springframework.cglib.proxy.MethodProxy.invoke(MethodProxy.java:218)\r\n	at org.springframework.aop.framework.CglibAopProxy$CglibMethodInvocation.invokeJoinpoint(CglibAopProxy.java:792)\r\n	at org.springframework.aop.framework.ReflectiveMethodInvocation.proceed(ReflectiveMethodInvocation.java:163)\r\n	at org.springframework.aop.framework.CglibAopProxy$CglibMethodInvocation.proceed(CglibAopProxy.java:762)\r\n	at org.springframework.transaction.interceptor.TransactionInterceptor$1.proceedWithInvocation(TransactionInterceptor.java:123)\r\n	at org.springframework.transaction.interceptor.TransactionAspectSupport.invokeWithinTransaction(TransactionAspectSupport.java:388)\r\n	at org.springframework.transaction.interceptor.TransactionInterceptor.invoke(TransactionInterceptor.java:119)\r\n	at org.springframework.aop.framework.ReflectiveMethodInvocation.proceed(ReflectiveMethodInvocation.java:186)\r\n	at org.springframework.aop.framework.CglibAopProxy$CglibMethodInvocation.proceed(CglibAopProxy.java:762)\r\n	at org.springframework.aop.framework.CglibAopProxy$DynamicAdvisedInterceptor.intercept(CglibAopProxy.java:707)\r\n	at com.ruoyi.touki.service.impl.EvaluateOrderServiceImpl$$EnhancerBySpringCGLIB$$a204459f.insertOrder(<generated>)\r\n	at com.ruoyi.touki.controller.EvaluateOrderController.add(EvaluateOrderController.java:42)\r\n	at com.ruoyi.touki.controller.EvaluateOrderController$$FastClassBySpringCGLIB$$e77cb3d4.invoke(<generated>)\r\n	at org.springframework.cglib.proxy.MethodProxy.invoke(MethodProxy.java:218)\r\n	at org.springframework.aop.framework.CglibAopProxy$CglibMethodInvocation.invokeJoinpoint(CglibAopProxy.java:792)\r\n	at org.springframework.aop.framework.ReflectiveMethodInvocation.proceed(ReflectiveMethodInvocation.java:163)\r\n	at org.sp','2026-06-22 10:59:05',9548),(175,'评议单管理',1,'com.ruoyi.touki.controller.EvaluateOrderController.add()','POST',1,'admin','成都房建公寓段','/evaluate/order/add','127.0.0.1','内网IP','{\"deadline\":\"2026-06-12\",\"evaluateName\":\"1\",\"evaluatedPersonDepartment\":\"3\",\"evaluatedPersonName\":\"2\",\"remark\":\"4\"}',NULL,1,'java.lang.NullPointerException\r\n	at com.ruoyi.touki.service.impl.EvaluateOrderServiceImpl.insertOrder(EvaluateOrderServiceImpl.java:67)\r\n	at com.ruoyi.touki.service.impl.EvaluateOrderServiceImpl$$FastClassBySpringCGLIB$$736feb00.invoke(<generated>)\r\n	at org.springframework.cglib.proxy.MethodProxy.invoke(MethodProxy.java:218)\r\n	at org.springframework.aop.framework.CglibAopProxy$CglibMethodInvocation.invokeJoinpoint(CglibAopProxy.java:792)\r\n	at org.springframework.aop.framework.ReflectiveMethodInvocation.proceed(ReflectiveMethodInvocation.java:163)\r\n	at org.springframework.aop.framework.CglibAopProxy$CglibMethodInvocation.proceed(CglibAopProxy.java:762)\r\n	at org.springframework.transaction.interceptor.TransactionInterceptor$1.proceedWithInvocation(TransactionInterceptor.java:123)\r\n	at org.springframework.transaction.interceptor.TransactionAspectSupport.invokeWithinTransaction(TransactionAspectSupport.java:388)\r\n	at org.springframework.transaction.interceptor.TransactionInterceptor.invoke(TransactionInterceptor.java:119)\r\n	at org.springframework.aop.framework.ReflectiveMethodInvocation.proceed(ReflectiveMethodInvocation.java:186)\r\n	at org.springframework.aop.framework.CglibAopProxy$CglibMethodInvocation.proceed(CglibAopProxy.java:762)\r\n	at org.springframework.aop.framework.CglibAopProxy$DynamicAdvisedInterceptor.intercept(CglibAopProxy.java:707)\r\n	at com.ruoyi.touki.service.impl.EvaluateOrderServiceImpl$$EnhancerBySpringCGLIB$$a204459f.insertOrder(<generated>)\r\n	at com.ruoyi.touki.controller.EvaluateOrderController.add(EvaluateOrderController.java:42)\r\n	at com.ruoyi.touki.controller.EvaluateOrderController$$FastClassBySpringCGLIB$$e77cb3d4.invoke(<generated>)\r\n	at org.springframework.cglib.proxy.MethodProxy.invoke(MethodProxy.java:218)\r\n	at org.springframework.aop.framework.CglibAopProxy$CglibMethodInvocation.invokeJoinpoint(CglibAopProxy.java:792)\r\n	at org.springframework.aop.framework.ReflectiveMethodInvocation.proceed(ReflectiveMethodInvocation.java:163)\r\n	at org.sp','2026-06-22 10:59:25',12019),(176,'评议单管理',1,'com.ruoyi.touki.controller.EvaluateOrderController.add()','POST',1,'admin','成都房建公寓段','/evaluate/order/add','127.0.0.1','内网IP','{\"deadline\":\"2026-06-12\",\"evaluateName\":\"1\",\"evaluatedPersonDepartment\":\"3\",\"evaluatedPersonName\":\"2\",\"items\":[{\"itemType\":0,\"options\":[{\"optionCode\":\"A\",\"optionContent\":\"7\",\"sortNum\":1}],\"required\":true,\"sortNum\":1,\"title\":\"5\"}],\"remark\":\"4\"}',NULL,1,'nested exception is org.apache.ibatis.exceptions.PersistenceException: \r\n### Error updating database.  Cause: java.lang.IllegalStateException: Type handler was null on parameter mapping for property \'params\'. It was either not specified and/or could not be found for the javaType (java.util.Map) : jdbcType (null) combination.\r\n### The error may exist in com/ruoyi/touki/mapper/EvaluateItemMapper.java (best guess)\r\n### The error may involve com.ruoyi.touki.mapper.EvaluateItemMapper.insert\r\n### The error occurred while executing an update\r\n### Cause: java.lang.IllegalStateException: Type handler was null on parameter mapping for property \'params\'. It was either not specified and/or could not be found for the javaType (java.util.Map) : jdbcType (null) combination.','2026-06-22 11:02:33',2897),(177,'评议单管理',1,'com.ruoyi.touki.controller.EvaluateOrderController.add()','POST',1,'admin','成都房建公寓段','/evaluate/order/add','127.0.0.1','内网IP','{\"deadline\":\"2026-06-12\",\"evaluateName\":\"1\",\"evaluatedPersonDepartment\":\"3\",\"evaluatedPersonName\":\"2\",\"items\":[{\"itemType\":0,\"options\":[{\"optionCode\":\"A\",\"optionContent\":\"7\",\"sortNum\":1}],\"required\":true,\"sortNum\":1,\"title\":\"5\"}],\"remark\":\"4\"}',NULL,1,'nested exception is org.apache.ibatis.exceptions.PersistenceException: \r\n### Error updating database.  Cause: java.lang.IllegalStateException: Type handler was null on parameter mapping for property \'params\'. It was either not specified and/or could not be found for the javaType (java.util.Map) : jdbcType (null) combination.\r\n### The error may exist in com/ruoyi/touki/mapper/EvaluateItemMapper.java (best guess)\r\n### The error may involve com.ruoyi.touki.mapper.EvaluateItemMapper.insert\r\n### The error occurred while executing an update\r\n### Cause: java.lang.IllegalStateException: Type handler was null on parameter mapping for property \'params\'. It was either not specified and/or could not be found for the javaType (java.util.Map) : jdbcType (null) combination.','2026-06-22 11:05:22',10640),(178,'评议单管理',1,'com.ruoyi.touki.controller.EvaluateOrderController.add()','POST',1,'admin','成都房建公寓段','/evaluate/order/add','127.0.0.1','内网IP','{\"deadline\":\"2026-06-12\",\"evaluateName\":\"1\",\"evaluatedPersonDepartment\":\"3\",\"evaluatedPersonName\":\"2\",\"items\":[{\"itemType\":0,\"options\":[{\"optionCode\":\"A\",\"optionContent\":\"7\",\"sortNum\":1}],\"required\":true,\"sortNum\":1,\"title\":\"5\"}],\"remark\":\"4\"}',NULL,1,'com.ruoyi.touki.mapper.EvaluateItemMapper.insert (batch index #1) failed. Cause: java.sql.BatchUpdateException: Field \'order_id\' doesn\'t have a default value\n; Field \'order_id\' doesn\'t have a default value; nested exception is java.sql.BatchUpdateException: Field \'order_id\' doesn\'t have a default value','2026-06-22 11:07:07',6505),(179,'评议单管理',1,'com.ruoyi.touki.controller.EvaluateOrderController.add()','POST',1,'admin','成都房建公寓段','/evaluate/order/add','127.0.0.1','内网IP','{\"deadline\":\"2026-06-12\",\"evaluateName\":\"1\",\"evaluatedPersonDepartment\":\"3\",\"evaluatedPersonName\":\"2\",\"items\":[{\"itemType\":0,\"options\":[{\"createBy\":\"admin\",\"createTime\":\"2026-06-22 11:08:07.263\",\"itemId\":2068893768489242626,\"optionCode\":\"A\",\"optionContent\":\"7\",\"sortNum\":1,\"updateBy\":\"admin\",\"updateTime\":\"2026-06-22 11:08:07.263\"}],\"required\":true,\"sortNum\":1,\"title\":\"5\"}],\"remark\":\"4\"}',NULL,1,'com.ruoyi.touki.mapper.EvaluateItemOptionMapper.insert (batch index #1) failed. Cause: java.sql.BatchUpdateException: Table \'fzgl_db.evaluate_item_option\' doesn\'t exist\n; bad SQL grammar []; nested exception is java.sql.BatchUpdateException: Table \'fzgl_db.evaluate_item_option\' doesn\'t exist','2026-06-22 11:08:07',79),(180,'评议单管理',1,'com.ruoyi.touki.controller.EvaluateOrderController.add()','POST',1,'admin','成都房建公寓段','/evaluate/order/add','127.0.0.1','内网IP','{\"deadline\":\"2026-06-12\",\"evaluateName\":\"1\",\"evaluatedPersonDepartment\":\"3\",\"evaluatedPersonName\":\"2\",\"items\":[{\"itemType\":0,\"options\":[{\"createBy\":\"admin\",\"createTime\":\"2026-06-22 11:08:50.088\",\"itemId\":2068893948068368387,\"optionCode\":\"A\",\"optionContent\":\"7\",\"sortNum\":1,\"updateBy\":\"admin\",\"updateTime\":\"2026-06-22 11:08:50.088\"}],\"required\":true,\"sortNum\":1,\"title\":\"5\"}],\"remark\":\"4\"}',NULL,1,'com.ruoyi.touki.mapper.EvaluateItemOptionMapper.insert (batch index #1) failed. Cause: java.sql.BatchUpdateException: Field \'option_id\' doesn\'t have a default value\n; Field \'option_id\' doesn\'t have a default value; nested exception is java.sql.BatchUpdateException: Field \'option_id\' doesn\'t have a default value','2026-06-22 11:08:50',26),(181,'评议单管理',1,'com.ruoyi.touki.controller.EvaluateOrderController.add()','POST',1,'admin','成都房建公寓段','/evaluate/order/add','127.0.0.1','内网IP','{\"deadline\":\"2026-06-12\",\"evaluateName\":\"1\",\"evaluatedPersonDepartment\":\"3\",\"evaluatedPersonName\":\"2\",\"items\":[{\"itemType\":0,\"options\":[{\"createBy\":\"admin\",\"createTime\":\"2026-06-22 11:09:31.15\",\"itemId\":2068894120349405186,\"optionCode\":\"A\",\"optionContent\":\"7\",\"optionId\":2068894120349405187,\"sortNum\":1,\"updateBy\":\"admin\",\"updateTime\":\"2026-06-22 11:09:31.15\"}],\"required\":true,\"sortNum\":1,\"title\":\"5\"}],\"remark\":\"4\"}','{\"msg\":\"操作成功\",\"code\":200}',0,NULL,'2026-06-22 11:09:31',46),(182,'评议单管理',2,'com.ruoyi.touki.controller.EvaluateOrderController.update()','POST',1,'admin','成都房建公寓段','/evaluate/order/update','127.0.0.1','内网IP','{\"createBy\":\"admin\",\"createTime\":\"2026-06-22 11:09:31\",\"deadline\":\"2026-06-12\",\"deleted\":false,\"evaluateName\":\"1\",\"evaluatedPersonDepartment\":\"3\",\"evaluatedPersonName\":\"2\",\"items\":[{\"itemType\":0,\"options\":[{\"optionCode\":\"23\",\"optionContent\":\"23\",\"sortNum\":1}],\"orderId\":2068894120282296321,\"required\":true,\"sortNum\":2,\"title\":\"23\"}],\"orderId\":2068894120282296321,\"remark\":\"4\",\"status\":0,\"updateBy\":\"admin\",\"updateTime\":\"2026-06-22 11:09:31\"}','{\"msg\":\"修改评议单\'2068894120282296321\'失败，请联系管理员\",\"code\":500}',0,NULL,'2026-06-22 15:01:48',70),(183,'评议单管理',2,'com.ruoyi.touki.controller.EvaluateOrderController.update()','POST',1,'admin','成都房建公寓段','/evaluate/order/update','127.0.0.1','内网IP','{\"createBy\":\"admin\",\"createTime\":\"2026-06-22 11:09:31\",\"deadline\":\"2026-06-12\",\"deleted\":false,\"evaluateName\":\"1\",\"evaluatedPersonDepartment\":\"3\",\"evaluatedPersonName\":\"2\",\"items\":[{\"itemType\":0,\"options\":[{\"optionCode\":\"A\",\"optionContent\":\"aaa\",\"sortNum\":1}],\"orderId\":2068894120282296321,\"required\":true,\"sortNum\":1,\"title\":\"222\"}],\"orderId\":2068894120282296321,\"remark\":\"4\",\"status\":0,\"updateBy\":\"admin\",\"updateTime\":\"2026-06-22 11:09:31\"}','{\"msg\":\"修改评议单\'2068894120282296321\'失败，请联系管理员\",\"code\":500}',0,NULL,'2026-06-22 15:07:18',17),(184,'评议单管理',2,'com.ruoyi.touki.controller.EvaluateOrderController.update()','POST',1,'admin','成都房建公寓段','/evaluate/order/update','127.0.0.1','内网IP','{\"createBy\":\"admin\",\"createTime\":\"2026-06-22 11:09:31\",\"deadline\":\"2026-06-12\",\"deleted\":false,\"evaluateName\":\"1\",\"evaluatedPersonDepartment\":\"3\",\"evaluatedPersonName\":\"2\",\"items\":[{\"itemType\":0,\"options\":[{\"optionCode\":\"A\",\"optionContent\":\"aaa\",\"sortNum\":1}],\"orderId\":2068894120282296321,\"required\":true,\"sortNum\":1,\"title\":\"222\"}],\"orderId\":2068894120282296321,\"remark\":\"4\",\"status\":0,\"updateBy\":\"admin\",\"updateTime\":\"2026-06-22 11:09:31\"}','{\"msg\":\"修改评议单\'2068894120282296321\'失败，请联系管理员\",\"code\":500}',0,NULL,'2026-06-22 15:09:22',16),(185,'评议单管理',2,'com.ruoyi.touki.controller.EvaluateOrderController.update()','POST',1,'admin','成都房建公寓段','/evaluate/order/update','127.0.0.1','内网IP','{\"createBy\":\"admin\",\"createTime\":\"2026-06-22 11:09:31\",\"deadline\":\"2026-06-12\",\"deleted\":false,\"evaluateName\":\"1\",\"evaluatedPersonDepartment\":\"3\",\"evaluatedPersonName\":\"2\",\"items\":[{\"itemType\":1,\"options\":[{\"optionCode\":\"A\",\"optionContent\":\"aaa\",\"sortNum\":1},{\"optionCode\":\"B\",\"optionContent\":\"bbb\",\"sortNum\":2}],\"orderId\":2068894120282296321,\"required\":true,\"sortNum\":1,\"title\":\"11\"}],\"orderId\":2068894120282296321,\"remark\":\"4\",\"status\":0,\"updateBy\":\"admin\",\"updateTime\":\"2026-06-22 11:09:31\"}','{\"msg\":\"修改评议单\'2068894120282296321\'失败，请联系管理员\",\"code\":500}',0,NULL,'2026-06-22 15:18:59',16),(186,'评议单管理',2,'com.ruoyi.touki.controller.EvaluateOrderController.update()','POST',1,'admin','成都房建公寓段','/evaluate/order/update','127.0.0.1','内网IP','{\"createBy\":\"admin\",\"createTime\":\"2026-06-22 11:09:31\",\"deadline\":\"2026-06-12\",\"deleted\":false,\"evaluateName\":\"1\",\"evaluatedPersonDepartment\":\"3\",\"evaluatedPersonName\":\"2\",\"items\":[{\"itemType\":1,\"options\":[{\"optionCode\":\"A\",\"optionContent\":\"aaa\",\"sortNum\":1},{\"optionCode\":\"B\",\"optionContent\":\"bbb\",\"sortNum\":2}],\"orderId\":2068894120282296321,\"required\":true,\"sortNum\":1,\"title\":\"11\"}],\"orderId\":2068894120282296321,\"remark\":\"4\",\"status\":0,\"updateBy\":\"admin\",\"updateTime\":\"2026-06-22 11:09:31\"}','{\"msg\":\"修改评议单\'2068894120282296321\'失败，请联系管理员\",\"code\":500}',0,NULL,'2026-06-22 15:19:20',15),(187,'评议单管理',2,'com.ruoyi.touki.controller.EvaluateOrderController.update()','POST',1,'admin','成都房建公寓段','/evaluate/order/update','127.0.0.1','内网IP','{\"createBy\":\"admin\",\"createTime\":\"2026-06-22 11:09:31\",\"deadline\":\"2026-06-12\",\"deleted\":false,\"evaluateName\":\"1\",\"evaluatedPersonDepartment\":\"3\",\"evaluatedPersonName\":\"2\",\"items\":[{\"itemType\":1,\"options\":[{\"optionCode\":\"A\",\"optionContent\":\"aaa\",\"sortNum\":1},{\"optionCode\":\"B\",\"optionContent\":\"bbb\",\"sortNum\":2}],\"orderId\":2068894120282296321,\"required\":true,\"sortNum\":1,\"title\":\"222\"}],\"orderId\":2068894120282296321,\"remark\":\"4\",\"status\":0,\"updateBy\":\"admin\",\"updateTime\":\"2026-06-22 11:09:31\"}','{\"msg\":\"修改评议单\'2068894120282296321\'失败，请联系管理员\",\"code\":500}',0,NULL,'2026-06-22 15:20:52',20),(188,'评议单管理',2,'com.ruoyi.touki.controller.EvaluateOrderController.update()','POST',1,'admin','成都房建公寓段','/evaluate/order/update','127.0.0.1','内网IP','{\"createBy\":\"admin\",\"createTime\":\"2026-06-22 11:09:31\",\"deadline\":\"2026-06-12\",\"deleted\":false,\"evaluateName\":\"1\",\"evaluatedPersonDepartment\":\"3\",\"evaluatedPersonName\":\"2\",\"items\":[{\"itemType\":1,\"options\":[{\"optionCode\":\"A\",\"optionContent\":\"aaa\",\"sortNum\":1},{\"optionCode\":\"B\",\"optionContent\":\"bbb\",\"sortNum\":2}],\"orderId\":2068894120282296321,\"required\":true,\"sortNum\":1,\"title\":\"123\"}],\"orderId\":2068894120282296321,\"remark\":\"4\",\"status\":0,\"updateBy\":\"admin\",\"updateTime\":\"2026-06-22 11:09:31\"}','{\"msg\":\"修改评议单\'2068894120282296321\'失败，请联系管理员\",\"code\":500}',0,NULL,'2026-06-22 15:22:16',13),(189,'评议单管理',2,'com.ruoyi.touki.controller.EvaluateOrderController.update()','POST',1,'admin','成都房建公寓段','/evaluate/order/update','127.0.0.1','内网IP','{\"createBy\":\"admin\",\"createTime\":\"2026-06-22 11:09:31\",\"deadline\":\"2026-06-12\",\"deleted\":false,\"evaluateName\":\"1\",\"evaluatedPersonDepartment\":\"3\",\"evaluatedPersonName\":\"2\",\"items\":[{\"itemType\":1,\"options\":[{\"optionCode\":\"A\",\"optionContent\":\"aaa\",\"sortNum\":1},{\"optionCode\":\"B\",\"optionContent\":\"bbb\",\"sortNum\":2}],\"orderId\":2068894120282296321,\"required\":true,\"sortNum\":1,\"title\":\"123\"}],\"orderId\":2068894120282296321,\"remark\":\"4\",\"status\":0,\"updateBy\":\"admin\",\"updateTime\":\"2026-06-22 11:09:31\"}','{\"msg\":\"修改评议单\'2068894120282296321\'失败，请联系管理员\",\"code\":500}',0,NULL,'2026-06-22 15:23:24',19311),(190,'评议单管理',2,'com.ruoyi.touki.controller.EvaluateOrderController.update()','POST',1,'admin','成都房建公寓段','/evaluate/order/update','127.0.0.1','内网IP','{\"createBy\":\"admin\",\"createTime\":\"2026-06-22 11:09:31\",\"deadline\":\"2026-06-12\",\"deleted\":false,\"evaluateName\":\"1\",\"evaluatedPersonDepartment\":\"3\",\"evaluatedPersonName\":\"2\",\"items\":[{\"itemType\":1,\"options\":[{\"createBy\":\"admin\",\"createTime\":\"2026-06-22 15:26:38.028\",\"optionCode\":\"A\",\"optionContent\":\"aaa\",\"optionId\":2068958825394991106,\"sortNum\":1,\"updateBy\":\"admin\",\"updateTime\":\"2026-06-22 15:26:38.028\"},{\"createBy\":\"admin\",\"createTime\":\"2026-06-22 15:26:38.029\",\"optionCode\":\"B\",\"optionContent\":\"bbb\",\"optionId\":2068958825394991107,\"sortNum\":2,\"updateBy\":\"admin\",\"updateTime\":\"2026-06-22 15:26:38.029\"}],\"orderId\":2068894120282296321,\"required\":true,\"sortNum\":1,\"title\":\"123\"}],\"orderId\":2068894120282296321,\"remark\":\"4\",\"status\":0,\"updateBy\":\"admin\",\"updateTime\":\"2026-06-22 11:09:31\"}',NULL,1,'com.ruoyi.touki.mapper.EvaluateItemOptionMapper.insert (batch index #1) failed. Cause: java.sql.BatchUpdateException: Field \'item_id\' doesn\'t have a default value\n; Field \'item_id\' doesn\'t have a default value; nested exception is java.sql.BatchUpdateException: Field \'item_id\' doesn\'t have a default value','2026-06-22 15:26:38',295),(191,'评议单管理',2,'com.ruoyi.touki.controller.EvaluateOrderController.update()','POST',1,'admin','成都房建公寓段','/evaluate/order/update','127.0.0.1','内网IP','{\"createBy\":\"admin\",\"createTime\":\"2026-06-22 11:09:31\",\"deadline\":\"2026-06-12\",\"deleted\":false,\"evaluateName\":\"1\",\"evaluatedPersonDepartment\":\"3\",\"evaluatedPersonName\":\"2\",\"items\":[{\"itemType\":1,\"options\":[{\"createBy\":\"admin\",\"createTime\":\"2026-06-22 15:36:51.61\",\"itemId\":2068961398881513474,\"optionCode\":\"A\",\"optionContent\":\"aaa\",\"optionId\":2068961398944428033,\"sortNum\":1,\"updateBy\":\"admin\",\"updateTime\":\"2026-06-22 15:36:51.61\"},{\"createBy\":\"admin\",\"createTime\":\"2026-06-22 15:36:51.611\",\"itemId\":2068961398881513474,\"optionCode\":\"B\",\"optionContent\":\"bbb\",\"optionId\":2068961398944428034,\"sortNum\":2,\"updateBy\":\"admin\",\"updateTime\":\"2026-06-22 15:36:51.611\"}],\"orderId\":2068894120282296321,\"required\":true,\"sortNum\":1,\"title\":\"123\"}],\"orderId\":2068894120282296321,\"remark\":\"4\",\"status\":0,\"updateBy\":\"admin\",\"updateTime\":\"2026-06-22 11:09:31\"}',NULL,1,'com.ruoyi.touki.mapper.EvaluateItemOptionMapper.insert (batch index #1) failed. Cause: java.sql.BatchUpdateException: Field \'order_id\' doesn\'t have a default value\n; Field \'order_id\' doesn\'t have a default value; nested exception is java.sql.BatchUpdateException: Field \'order_id\' doesn\'t have a default value','2026-06-22 15:36:51',79),(192,'评议单管理',2,'com.ruoyi.touki.controller.EvaluateOrderController.update()','POST',1,'admin','成都房建公寓段','/evaluate/order/update','127.0.0.1','内网IP','{\"createBy\":\"admin\",\"createTime\":\"2026-06-22 11:09:31\",\"deadline\":\"2026-06-12\",\"deleted\":false,\"evaluateName\":\"1\",\"evaluatedPersonDepartment\":\"3\",\"evaluatedPersonName\":\"2\",\"items\":[{\"itemType\":1,\"options\":[{\"createBy\":\"admin\",\"createTime\":\"2026-06-22 15:40:26.123\",\"itemId\":2068962298656190466,\"optionCode\":\"A\",\"optionContent\":\"aaa\",\"optionId\":2068962298656190467,\"orderId\":2068894120282296321,\"sortNum\":1,\"updateBy\":\"admin\",\"updateTime\":\"2026-06-22 15:40:26.123\"},{\"createBy\":\"admin\",\"createTime\":\"2026-06-22 15:40:26.123\",\"itemId\":2068962298656190466,\"optionCode\":\"B\",\"optionContent\":\"bbb\",\"optionId\":2068962298656190468,\"orderId\":2068894120282296321,\"sortNum\":2,\"updateBy\":\"admin\",\"updateTime\":\"2026-06-22 15:40:26.125\"}],\"orderId\":2068894120282296321,\"required\":true,\"sortNum\":1,\"title\":\"123\"}],\"orderId\":2068894120282296321,\"remark\":\"4\",\"status\":0,\"updateBy\":\"admin\",\"updateTime\":\"2026-06-22 11:09:31\"}','{\"msg\":\"操作成功\",\"code\":200}',0,NULL,'2026-06-22 15:40:26',73),(193,'评议单管理',2,'com.ruoyi.touki.controller.EvaluateOrderController.update()','POST',1,'admin','成都房建公寓段','/evaluate/order/update','127.0.0.1','内网IP','{\"createBy\":\"admin\",\"createTime\":\"2026-06-22 11:09:31\",\"deadline\":\"2026-06-12\",\"deleted\":false,\"evaluateName\":\"1\",\"evaluatedPersonDepartment\":\"3\",\"evaluatedPersonName\":\"2\",\"items\":[{\"createBy\":\"admin\",\"createTime\":\"2026-06-22 15:40:26\",\"deleted\":false,\"itemId\":2068962298656190466,\"itemType\":1,\"options\":[{\"createBy\":\"admin\",\"createTime\":\"2026-06-22 15:40:26\",\"deleted\":false,\"itemId\":2068962298656190466,\"optionCode\":\"A\",\"optionContent\":\"aaa\",\"optionId\":2068962298656190467,\"orderId\":2068894120282296321,\"sortNum\":1,\"updateBy\":\"admin\",\"updateTime\":\"2026-06-22 15:40:26\"},{\"createBy\":\"admin\",\"createTime\":\"2026-06-22 15:40:26\",\"deleted\":false,\"itemId\":2068962298656190466,\"optionCode\":\"B\",\"optionContent\":\"bbb\",\"optionId\":2068962298656190468,\"orderId\":2068894120282296321,\"sortNum\":2,\"updateBy\":\"admin\",\"updateTime\":\"2026-06-22 15:40:26\"}],\"orderId\":2068894120282296321,\"required\":true,\"sortNum\":1,\"title\":\"123\",\"updateBy\":\"admin\",\"updateTime\":\"2026-06-22 15:40:26\"}],\"orderId\":2068894120282296321,\"remark\":\"4\",\"status\":0,\"updateBy\":\"admin\",\"updateTime\":\"2026-06-22 11:09:31\"}','{\"msg\":\"操作成功\",\"code\":200}',0,NULL,'2026-06-22 15:58:31',126),(194,'评议单管理',2,'com.ruoyi.touki.controller.EvaluateOrderController.update()','POST',1,'admin','成都房建公寓段','/evaluate/order/update','127.0.0.1','内网IP','{\"createBy\":\"admin\",\"createTime\":\"2026-06-22 11:09:31\",\"deadline\":\"2026-06-12\",\"deleted\":false,\"evaluateName\":\"1\",\"evaluatedPersonDepartment\":\"3\",\"evaluatedPersonName\":\"2\",\"items\":[{\"createBy\":\"admin\",\"createTime\":\"2026-06-22 15:40:26\",\"deleted\":false,\"itemId\":2068962298656190466,\"itemType\":1,\"options\":[{\"createBy\":\"admin\",\"createTime\":\"2026-06-22 15:40:26\",\"deleted\":false,\"itemId\":2068962298656190466,\"optionCode\":\"A\",\"optionContent\":\"aaa\",\"optionId\":2068962298656190467,\"orderId\":2068894120282296321,\"sortNum\":1,\"updateBy\":\"admin\",\"updateTime\":\"2026-06-22 15:40:26\"},{\"createBy\":\"admin\",\"createTime\":\"2026-06-22 15:40:26\",\"deleted\":false,\"itemId\":2068962298656190466,\"optionCode\":\"B\",\"optionContent\":\"bbb\",\"optionId\":2068962298656190468,\"orderId\":2068894120282296321,\"sortNum\":2,\"updateBy\":\"admin\",\"updateTime\":\"2026-06-22 15:40:26\"}],\"orderId\":2068894120282296321,\"required\":true,\"sortNum\":1,\"title\":\"123\",\"updateBy\":\"admin\",\"updateTime\":\"2026-06-22 15:40:26\"}],\"orderId\":2068894120282296321,\"remark\":\"4\",\"status\":0,\"updateBy\":\"admin\",\"updateTime\":\"2026-06-22 11:09:31\"}','{\"msg\":\"操作成功\",\"code\":200}',0,NULL,'2026-06-22 15:59:16',29834),(195,'评议单管理',2,'com.ruoyi.touki.controller.EvaluateOrderController.update()','POST',1,'admin','成都房建公寓段','/evaluate/order/update','127.0.0.1','内网IP','{\"createBy\":\"admin\",\"createTime\":\"2026-06-22 11:09:31\",\"deadline\":\"2026-06-12\",\"deleted\":false,\"evaluateName\":\"1\",\"evaluatedPersonDepartment\":\"3\",\"evaluatedPersonName\":\"2\",\"items\":[{\"createBy\":\"admin\",\"createTime\":\"2026-06-22 15:40:26\",\"deleted\":false,\"itemId\":2068962298656190466,\"itemType\":1,\"options\":[{\"createBy\":\"admin\",\"createTime\":\"2026-06-22 15:40:26\",\"deleted\":false,\"itemId\":2068962298656190466,\"optionCode\":\"A\",\"optionContent\":\"aaa\",\"optionId\":2068962298656190467,\"orderId\":2068894120282296321,\"sortNum\":1,\"updateBy\":\"admin\",\"updateTime\":\"2026-06-22 15:40:26\"},{\"createBy\":\"admin\",\"createTime\":\"2026-06-22 15:40:26\",\"deleted\":false,\"itemId\":2068962298656190466,\"optionCode\":\"B\",\"optionContent\":\"bbb\",\"optionId\":2068962298656190468,\"orderId\":2068894120282296321,\"sortNum\":2,\"updateBy\":\"admin\",\"updateTime\":\"2026-06-22 15:40:26\"}],\"orderId\":2068894120282296321,\"required\":true,\"sortNum\":1,\"title\":\"123\",\"updateBy\":\"admin\",\"updateTime\":\"2026-06-22 15:40:26\"}],\"orderId\":2068894120282296321,\"remark\":\"4\",\"status\":0,\"updateBy\":\"admin\",\"updateTime\":\"2026-06-22 11:09:31\"}','{\"msg\":\"操作成功\",\"code\":200}',0,NULL,'2026-06-22 16:12:41',19509),(196,'评议单管理',2,'com.ruoyi.touki.controller.EvaluateOrderController.update()','POST',1,'admin','成都房建公寓段','/evaluate/order/update','127.0.0.1','内网IP','{\"createBy\":\"admin\",\"createTime\":\"2026-06-22 11:09:31\",\"deadline\":\"2026-06-12\",\"deleted\":false,\"evaluateName\":\"1\",\"evaluatedPersonDepartment\":\"3\",\"evaluatedPersonName\":\"2\",\"items\":[{\"createBy\":\"admin\",\"createTime\":\"2026-06-22 15:40:26\",\"deleted\":false,\"itemId\":2068962298656190466,\"itemType\":1,\"options\":[{\"createBy\":\"admin\",\"createTime\":\"2026-06-22 15:40:26\",\"deleted\":false,\"itemId\":2068962298656190466,\"optionCode\":\"A\",\"optionContent\":\"aaa\",\"optionId\":2068962298656190467,\"orderId\":2068894120282296321,\"sortNum\":1,\"updateBy\":\"admin\",\"updateTime\":\"2026-06-22 15:40:26\"},{\"createBy\":\"admin\",\"createTime\":\"2026-06-22 15:40:26\",\"deleted\":false,\"itemId\":2068962298656190466,\"optionCode\":\"B\",\"optionContent\":\"bbb\",\"optionId\":2068962298656190468,\"orderId\":2068894120282296321,\"sortNum\":2,\"updateBy\":\"admin\",\"updateTime\":\"2026-06-22 15:40:26\"}],\"orderId\":2068894120282296321,\"required\":true,\"sortNum\":1,\"title\":\"123\",\"updateBy\":\"admin\",\"updateTime\":\"2026-06-22 15:40:26\"}],\"orderId\":2068894120282296321,\"remark\":\"4\",\"status\":0,\"updateBy\":\"admin\",\"updateTime\":\"2026-06-22 11:09:31\"}','{\"msg\":\"操作成功\",\"code\":200}',0,NULL,'2026-06-22 16:14:03',48634),(197,'评议单管理',2,'com.ruoyi.touki.controller.EvaluateOrderController.update()','POST',1,'admin','成都房建公寓段','/evaluate/order/update','127.0.0.1','内网IP','{\"createBy\":\"admin\",\"createTime\":\"2026-06-22 11:09:31\",\"deadline\":\"2026-06-12\",\"deleted\":false,\"evaluateName\":\"1\",\"evaluatedPersonDepartment\":\"3\",\"evaluatedPersonName\":\"2\",\"items\":[{\"createBy\":\"admin\",\"createTime\":\"2026-06-22 15:40:26\",\"deleted\":false,\"itemId\":2068962298656190466,\"itemType\":1,\"options\":[{\"createBy\":\"admin\",\"createTime\":\"2026-06-22 15:40:26\",\"deleted\":false,\"itemId\":2068962298656190466,\"optionCode\":\"A\",\"optionContent\":\"aaa\",\"optionId\":2068962298656190467,\"orderId\":2068894120282296321,\"sortNum\":1,\"updateBy\":\"admin\",\"updateTime\":\"2026-06-22 15:40:26\"},{\"createBy\":\"admin\",\"createTime\":\"2026-06-22 15:40:26\",\"deleted\":false,\"itemId\":2068962298656190466,\"optionCode\":\"B\",\"optionContent\":\"bbb\",\"optionId\":2068962298656190468,\"orderId\":2068894120282296321,\"sortNum\":2,\"updateBy\":\"admin\",\"updateTime\":\"2026-06-22 15:40:26\"}],\"orderId\":2068894120282296321,\"required\":true,\"sortNum\":1,\"title\":\"123\",\"updateBy\":\"admin\",\"updateTime\":\"2026-06-22 15:40:26\"}],\"orderId\":2068894120282296321,\"remark\":\"4\",\"status\":0,\"updateBy\":\"admin\",\"updateTime\":\"2026-06-22 11:09:31\"}','{\"msg\":\"操作成功\",\"code\":200}',0,NULL,'2026-06-22 16:14:37',76),(198,'菜单管理',1,'com.ruoyi.web.controller.system.SysMenuController.add()','POST',1,'admin','成都房建公寓段','/system/menu','127.0.0.1','内网IP','{\"children\":[],\"component\":\"/evaluate/index\",\"createBy\":\"admin\",\"icon\":\"education\",\"isCache\":\"0\",\"isFrame\":\"1\",\"menuName\":\"评议\",\"menuType\":\"C\",\"orderNum\":2,\"params\":{},\"parentId\":2000,\"path\":\"evaluate/index\",\"status\":\"0\",\"visible\":\"0\"}','{\"msg\":\"操作成功\",\"code\":200}',0,NULL,'2026-06-22 16:19:47',12),(199,'菜单管理',2,'com.ruoyi.web.controller.system.SysMenuController.edit()','PUT',1,'admin','成都房建公寓段','/system/menu','127.0.0.1','内网IP','{\"children\":[],\"component\":\"evaluate/index\",\"createTime\":\"2026-06-22 16:19:47\",\"icon\":\"education\",\"isCache\":\"0\",\"isFrame\":\"1\",\"menuId\":2002,\"menuName\":\"评议\",\"menuType\":\"C\",\"orderNum\":2,\"params\":{},\"parentId\":2000,\"path\":\"evaluate/index\",\"perms\":\"\",\"routeName\":\"\",\"status\":\"0\",\"updateBy\":\"admin\",\"visible\":\"0\"}','{\"msg\":\"操作成功\",\"code\":200}',0,NULL,'2026-06-22 16:19:54',8),(200,'菜单管理',2,'com.ruoyi.web.controller.system.SysMenuController.edit()','PUT',1,'admin','成都房建公寓段','/system/menu','127.0.0.1','内网IP','{\"children\":[],\"component\":\"evaluate/index\",\"createTime\":\"2026-06-22 16:19:47\",\"icon\":\"education\",\"isCache\":\"0\",\"isFrame\":\"1\",\"menuId\":2002,\"menuName\":\"评议收集\",\"menuType\":\"C\",\"orderNum\":2,\"params\":{},\"parentId\":2000,\"path\":\"evaluate/index\",\"perms\":\"\",\"routeName\":\"\",\"status\":\"0\",\"updateBy\":\"admin\",\"visible\":\"0\"}','{\"msg\":\"操作成功\",\"code\":200}',0,NULL,'2026-06-22 16:28:01',13),(201,'评议单管理',10,'com.ruoyi.touki.controller.EvaluateOrderController.publish()','POST',1,'admin','成都房建公寓段','/evaluate/order/publish','127.0.0.1','内网IP','{\"orderId\":\"2068894120282296321\"}','{\"msg\":\"操作成功\",\"code\":200}',0,NULL,'2026-06-22 16:34:04',16),(202,'评议单管理',10,'com.ruoyi.touki.controller.EvaluateOrderController.publish()','POST',1,'admin','成都房建公寓段','/evaluate/order/publish','127.0.0.1','内网IP','{\"codeCount\":\"10\",\"orderId\":\"2067229909639532546\",\"codeNum\":\"2\"}',NULL,1,'com.ruoyi.touki.mapper.EvaluateOrderCodeMapper.insert (batch index #1) failed. Cause: java.sql.BatchUpdateException: Field \'deleted\' doesn\'t have a default value\n; Field \'deleted\' doesn\'t have a default value; nested exception is java.sql.BatchUpdateException: Field \'deleted\' doesn\'t have a default value','2026-06-22 18:48:48',230),(203,'评议单管理',10,'com.ruoyi.touki.controller.EvaluateOrderController.publish()','POST',1,'admin','成都房建公寓段','/evaluate/order/publish','127.0.0.1','内网IP','{\"codeCount\":\"10\",\"orderId\":\"2067229909639532546\",\"codeNum\":\"2\"}','{\"msg\":\"操作成功\",\"code\":200}',0,NULL,'2026-06-22 18:49:05',51),(204,'评议单管理',10,'com.ruoyi.touki.controller.EvaluateOrderController.publish()','POST',1,'admin','成都房建公寓段','/evaluate/order/publish','127.0.0.1','内网IP','{\"codeCount\":\"10\",\"orderId\":\"2067229909639532546\",\"codeNum\":\"2\"}','{\"msg\":\"操作成功\",\"code\":200}',0,NULL,'2026-06-22 18:52:47',152),(205,'评议单管理',10,'com.ruoyi.touki.controller.EvaluateOrderController.publish()','POST',1,'admin','成都房建公寓段','/evaluate/order/publish','127.0.0.1','内网IP','{\"codeCount\":\"15\",\"orderId\":\"2067242144499884034\",\"codeNum\":\"2\"}','{\"msg\":\"操作成功\",\"code\":200}',0,NULL,'2026-06-22 18:54:02',14),(206,'评议单管理',10,'com.ruoyi.touki.controller.EvaluateOrderController.publish()','POST',1,'admin','成都房建公寓段','/evaluate/order/publish','127.0.0.1','内网IP','{\"codeCount\":\"17\",\"orderId\":\"2068894120282296321\",\"codeNum\":\"3\"}','{\"msg\":\"操作成功\",\"code\":200}',0,NULL,'2026-06-22 18:54:44',12),(207,'评议单管理',3,'com.ruoyi.touki.controller.EvaluateOrderController.remove()','POST',1,'admin','成都房建公寓段','/evaluate/order/remove','127.0.0.1','内网IP','[2067229909639532546]','{\"msg\":\"操作成功\",\"code\":200}',0,NULL,'2026-06-23 09:30:47',92),(208,'评议单管理',3,'com.ruoyi.touki.controller.EvaluateOrderController.remove()','POST',1,'admin','成都房建公寓段','/evaluate/order/remove','127.0.0.1','内网IP','[2067242144499884034,2068894120282296321]','{\"msg\":\"操作成功\",\"code\":200}',0,NULL,'2026-06-23 09:30:50',8),(209,'评议单管理',1,'com.ruoyi.touki.controller.EvaluateOrderController.add()','POST',1,'admin','成都房建公寓段','/evaluate/order/add','127.0.0.1','内网IP','{\"deadline\":\"2026-06-18\",\"evaluateName\":\"关于xxx的评议事项\",\"evaluatedPersonDepartment\":\"安调中心\",\"evaluatedPersonName\":\"张三\",\"items\":[{\"itemType\":0,\"options\":[{\"createBy\":\"admin\",\"createTime\":\"2026-06-23 09:35:35.417\",\"itemId\":2069232870225059841,\"optionCode\":\"A\",\"optionContent\":\"1\",\"optionId\":2069232870225059843,\"sortNum\":1,\"updateBy\":\"admin\",\"updateTime\":\"2026-06-23 09:35:35.417\"},{\"createBy\":\"admin\",\"createTime\":\"2026-06-23 09:35:35.419\",\"itemId\":2069232870225059841,\"optionCode\":\"B\",\"optionContent\":\"2\",\"optionId\":2069232870225059844,\"sortNum\":2,\"updateBy\":\"admin\",\"updateTime\":\"2026-06-23 09:35:35.419\"},{\"createBy\":\"admin\",\"createTime\":\"2026-06-23 09:35:35.419\",\"itemId\":2069232870225059841,\"optionCode\":\"C\",\"optionContent\":\"3\",\"optionId\":2069232870225059845,\"sortNum\":3,\"updateBy\":\"admin\",\"updateTime\":\"2026-06-23 09:35:35.419\"},{\"createBy\":\"admin\",\"createTime\":\"2026-06-23 09:35:35.42\",\"itemId\":2069232870225059841,\"optionCode\":\"D\",\"optionContent\":\"4\",\"optionId\":2069232870225059846,\"sortNum\":4,\"updateBy\":\"admin\",\"updateTime\":\"2026-06-23 09:35:35.42\"}],\"required\":true,\"sortNum\":1,\"title\":\"测试题目1\"},{\"itemType\":2,\"options\":[],\"required\":true,\"sortNum\":2,\"title\":\"题目2\"}]}',NULL,1,'com.ruoyi.touki.mapper.EvaluateItemOptionMapper.insert (batch index #1) failed. Cause: java.sql.BatchUpdateException: Field \'order_id\' doesn\'t have a default value\n; Field \'order_id\' doesn\'t have a default value; nested exception is java.sql.BatchUpdateException: Field \'order_id\' doesn\'t have a default value','2026-06-23 09:35:35',64),(210,'评议单管理',1,'com.ruoyi.touki.controller.EvaluateOrderController.add()','POST',1,'admin','成都房建公寓段','/evaluate/order/add','127.0.0.1','内网IP','{\"deadline\":\"2026-06-18\",\"evaluateName\":\"关于xxx的评议事项\",\"evaluatedPersonDepartment\":\"安调中心\",\"evaluatedPersonName\":\"张三\",\"items\":[{\"itemType\":0,\"options\":[{\"createBy\":\"admin\",\"createTime\":\"2026-06-23 09:35:57.397\",\"itemId\":2069232962390695938,\"optionCode\":\"A\",\"optionContent\":\"1\",\"optionId\":2069232962457804802,\"sortNum\":1,\"updateBy\":\"admin\",\"updateTime\":\"2026-06-23 09:35:57.397\"},{\"createBy\":\"admin\",\"createTime\":\"2026-06-23 09:35:57.399\",\"itemId\":2069232962390695938,\"optionCode\":\"B\",\"optionContent\":\"2\",\"optionId\":2069232962457804803,\"sortNum\":2,\"updateBy\":\"admin\",\"updateTime\":\"2026-06-23 09:35:57.399\"},{\"createBy\":\"admin\",\"createTime\":\"2026-06-23 09:35:57.399\",\"itemId\":2069232962390695938,\"optionCode\":\"C\",\"optionContent\":\"3\",\"optionId\":2069232962457804804,\"sortNum\":3,\"updateBy\":\"admin\",\"updateTime\":\"2026-06-23 09:35:57.399\"},{\"createBy\":\"admin\",\"createTime\":\"2026-06-23 09:35:57.4\",\"itemId\":2069232962390695938,\"optionCode\":\"D\",\"optionContent\":\"4\",\"optionId\":2069232962457804805,\"sortNum\":4,\"updateBy\":\"admin\",\"updateTime\":\"2026-06-23 09:35:57.4\"}],\"required\":true,\"sortNum\":1,\"title\":\"测试题目1\"},{\"itemType\":2,\"options\":[],\"required\":true,\"sortNum\":2,\"title\":\"题目2\"}]}',NULL,1,'com.ruoyi.touki.mapper.EvaluateItemOptionMapper.insert (batch index #1) failed. Cause: java.sql.BatchUpdateException: Field \'order_id\' doesn\'t have a default value\n; Field \'order_id\' doesn\'t have a default value; nested exception is java.sql.BatchUpdateException: Field \'order_id\' doesn\'t have a default value','2026-06-23 09:35:57',35),(211,'评议单管理',1,'com.ruoyi.touki.controller.EvaluateOrderController.add()','POST',1,'admin','成都房建公寓段','/evaluate/order/add','127.0.0.1','内网IP','{\"deadline\":\"2026-06-18\",\"evaluateName\":\"关于xxx的评议事项\",\"evaluatedPersonDepartment\":\"安调中心\",\"evaluatedPersonName\":\"张三\",\"items\":[{\"itemType\":0,\"options\":[{\"createBy\":\"admin\",\"createTime\":\"2026-06-23 09:39:45.955\",\"itemId\":2069233921036623874,\"optionCode\":\"A\",\"optionContent\":\"1\",\"optionId\":2069233921099538433,\"orderId\":2069233920973709313,\"sortNum\":1,\"updateBy\":\"admin\",\"updateTime\":\"2026-06-23 09:39:45.955\"},{\"createBy\":\"admin\",\"createTime\":\"2026-06-23 09:39:45.956\",\"itemId\":2069233921036623874,\"optionCode\":\"B\",\"optionContent\":\"2\",\"optionId\":2069233921099538434,\"orderId\":2069233920973709313,\"sortNum\":2,\"updateBy\":\"admin\",\"updateTime\":\"2026-06-23 09:39:45.956\"},{\"createBy\":\"admin\",\"createTime\":\"2026-06-23 09:39:45.956\",\"itemId\":2069233921036623874,\"optionCode\":\"C\",\"optionContent\":\"3\",\"optionId\":2069233921099538435,\"orderId\":2069233920973709313,\"sortNum\":3,\"updateBy\":\"admin\",\"updateTime\":\"2026-06-23 09:39:45.956\"},{\"createBy\":\"admin\",\"createTime\":\"2026-06-23 09:39:45.956\",\"itemId\":2069233921036623874,\"optionCode\":\"D\",\"optionContent\":\"4\",\"optionId\":2069233921099538436,\"orderId\":2069233920973709313,\"sortNum\":4,\"updateBy\":\"admin\",\"updateTime\":\"2026-06-23 09:39:45.956\"}],\"required\":true,\"sortNum\":1,\"title\":\"测试题目1\"},{\"itemType\":2,\"options\":[],\"required\":true,\"sortNum\":2,\"title\":\"题目2\"}]}','{\"msg\":\"操作成功\",\"code\":200}',0,NULL,'2026-06-23 09:39:46',56),(212,'评议单管理',10,'com.ruoyi.touki.controller.EvaluateOrderController.publish()','POST',1,'admin','成都房建公寓段','/evaluate/order/publish','127.0.0.1','内网IP','{\"codeCount\":\"10\",\"orderId\":\"2069233920973709313\",\"codeNum\":\"2\"}','{\"msg\":\"操作成功\",\"code\":200}',0,NULL,'2026-06-23 09:40:01',23),(213,'提交评议答案',1,'com.ruoyi.touki.controller.EvaluateController.submitAnswer()','POST',1,'admin','成都房建公寓段','/evaluate/execution/submitAnswer','127.0.0.1','内网IP','{\"answers\":[{\"content\":\"A\",\"itemId\":2069233921036623874,\"params\":{}},{\"content\":\"123\",\"itemId\":2069233921036623875,\"params\":{}}],\"intermediateCode\":\"A5TCTI\",\"orderId\":2069233920973709313,\"receiptCode\":\"WZFGH1\"}',NULL,1,'\r\n### Error updating database.  Cause: java.sql.SQLSyntaxErrorException: Unknown column \'create_by\' in \'field list\'\r\n### The error may exist in com/ruoyi/touki/mapper/EvaluateReceiptMapper.java (best guess)\r\n### The error may involve com.ruoyi.touki.mapper.EvaluateReceiptMapper.insert-Inline\r\n### The error occurred while setting parameters\r\n### SQL: INSERT INTO evaluate_receipt  ( receipt_id, order_id,  receipt_code,  create_by, create_time, update_by, update_time )  VALUES  ( ?, ?,  ?,  ?, ?, ?, ? )\r\n### Cause: java.sql.SQLSyntaxErrorException: Unknown column \'create_by\' in \'field list\'\n; bad SQL grammar []; nested exception is java.sql.SQLSyntaxErrorException: Unknown column \'create_by\' in \'field list\'','2026-06-23 10:38:10',224),(214,'提交评议答案',1,'com.ruoyi.touki.controller.EvaluateController.submitAnswer()','POST',1,'admin','成都房建公寓段','/evaluate/execution/submitAnswer','127.0.0.1','内网IP','{\"answers\":[{\"content\":\"A\",\"itemId\":2069233921036623874,\"params\":{},\"receiptId\":2069248875391332354},{\"content\":\"123\",\"itemId\":2069233921036623875,\"params\":{},\"receiptId\":2069248875391332354}],\"intermediateCode\":\"A5TCTI\",\"orderId\":2069233920973709313,\"receiptCode\":\"WZFGH1\"}',NULL,1,'nested exception is org.apache.ibatis.exceptions.PersistenceException: \r\n### Error updating database.  Cause: java.lang.IllegalStateException: Type handler was null on parameter mapping for property \'params\'. It was either not specified and/or could not be found for the javaType (java.util.Map) : jdbcType (null) combination.\r\n### The error may exist in com/ruoyi/touki/mapper/EvaluateAnswerMapper.java (best guess)\r\n### The error may involve com.ruoyi.touki.mapper.EvaluateAnswerMapper.insert\r\n### The error occurred while executing an update\r\n### Cause: java.lang.IllegalStateException: Type handler was null on parameter mapping for property \'params\'. It was either not specified and/or could not be found for the javaType (java.util.Map) : jdbcType (null) combination.','2026-06-23 10:39:11',26),(215,'提交评议答案',1,'com.ruoyi.touki.controller.EvaluateController.submitAnswer()','POST',1,'admin','成都房建公寓段','/evaluate/execution/submitAnswer','127.0.0.1','内网IP','{\"answers\":[{\"content\":\"A\",\"createBy\":\"admin\",\"createTime\":\"2026-06-23 10:42:50.778\",\"itemId\":2069233921036623874,\"receiptId\":2069249795629998081,\"recordId\":2069249795772604418,\"updateBy\":\"admin\",\"updateTime\":\"2026-06-23 10:42:50.778\"},{\"content\":\"123\",\"createBy\":\"admin\",\"createTime\":\"2026-06-23 10:42:50.781\",\"itemId\":2069233921036623875,\"receiptId\":2069249795629998081,\"recordId\":2069249795772604419,\"updateBy\":\"admin\",\"updateTime\":\"2026-06-23 10:42:50.781\"}],\"intermediateCode\":\"A5TCTI\",\"orderId\":2069233920973709313,\"receiptCode\":\"WZFGH1\"}',NULL,1,'com.ruoyi.touki.mapper.EvaluateAnswerMapper.insert (batch index #1) failed. Cause: java.sql.BatchUpdateException: Unknown column \'record_id\' in \'field list\'\n; bad SQL grammar []; nested exception is java.sql.BatchUpdateException: Unknown column \'record_id\' in \'field list\'','2026-06-23 10:42:50',180),(216,'提交评议答案',1,'com.ruoyi.touki.controller.EvaluateController.submitAnswer()','POST',1,'admin','成都房建公寓段','/evaluate/execution/submitAnswer','127.0.0.1','内网IP','{\"answers\":[{\"answerId\":2069249985975910401,\"content\":\"A\",\"createBy\":\"admin\",\"createTime\":\"2026-06-23 10:43:36.133\",\"itemId\":2069233921036623874,\"receiptId\":2069249985862664194,\"updateBy\":\"admin\",\"updateTime\":\"2026-06-23 10:43:36.133\"},{\"answerId\":2069249986038824962,\"content\":\"123\",\"createBy\":\"admin\",\"createTime\":\"2026-06-23 10:43:36.137\",\"itemId\":2069233921036623875,\"receiptId\":2069249985862664194,\"updateBy\":\"admin\",\"updateTime\":\"2026-06-23 10:43:36.137\"}],\"intermediateCode\":\"A5TCTI\",\"orderId\":2069233920973709313,\"receiptCode\":\"WZFGH1\"}','{\"msg\":\"操作成功\",\"code\":200}',0,NULL,'2026-06-23 10:43:36',116),(217,'提交评议答案',1,'com.ruoyi.touki.controller.EvaluateController.submitAnswer()','POST',1,'admin','成都房建公寓段','/evaluate/execution/submitAnswer','127.0.0.1','内网IP','{\"answers\":[{\"content\":\"B\",\"itemId\":2069233921036623874},{\"content\":\"222\",\"itemId\":2069233921036623875}],\"intermediateCode\":\"A5TCTI\",\"orderId\":2069233920973709313,\"receiptCode\":\"WZFGH1\"}',NULL,1,'\r\n### Error updating database.  Cause: java.sql.SQLException: Field \'order_code\' doesn\'t have a default value\r\n### The error may exist in com/ruoyi/touki/mapper/EvaluateReceiptMapper.java (best guess)\r\n### The error may involve com.ruoyi.touki.mapper.EvaluateReceiptMapper.insert-Inline\r\n### The error occurred while setting parameters\r\n### SQL: INSERT INTO evaluate_receipt  ( receipt_id, order_id,  receipt_code,  create_by, create_time, update_by, update_time )  VALUES  ( ?, ?,  ?,  ?, ?, ?, ? )\r\n### Cause: java.sql.SQLException: Field \'order_code\' doesn\'t have a default value\n; Field \'order_code\' doesn\'t have a default value; nested exception is java.sql.SQLException: Field \'order_code\' doesn\'t have a default value','2026-06-23 10:46:49',92),(218,'提交评议答案',1,'com.ruoyi.touki.controller.EvaluateController.submitAnswer()','POST',1,'admin','成都房建公寓段','/evaluate/execution/submitAnswer','127.0.0.1','内网IP','{\"answers\":[{\"content\":\"B\",\"itemId\":2069233921036623874},{\"content\":\"222\",\"itemId\":2069233921036623875}],\"intermediateCode\":\"A5TCTI\",\"orderId\":2069233920973709313,\"receiptCode\":\"WZFGH1\"}',NULL,1,'\r\n### Error updating database.  Cause: java.sql.SQLException: Field \'order_code\' doesn\'t have a default value\r\n### The error may exist in com/ruoyi/touki/mapper/EvaluateReceiptMapper.java (best guess)\r\n### The error may involve com.ruoyi.touki.mapper.EvaluateReceiptMapper.insert-Inline\r\n### The error occurred while setting parameters\r\n### SQL: INSERT INTO evaluate_receipt  ( receipt_id, order_id,  receipt_code,  create_by, create_time, update_by, update_time )  VALUES  ( ?, ?,  ?,  ?, ?, ?, ? )\r\n### Cause: java.sql.SQLException: Field \'order_code\' doesn\'t have a default value\n; Field \'order_code\' doesn\'t have a default value; nested exception is java.sql.SQLException: Field \'order_code\' doesn\'t have a default value','2026-06-23 10:47:08',7),(219,'提交评议答案',1,'com.ruoyi.touki.controller.EvaluateController.submitAnswer()','POST',1,'admin','成都房建公寓段','/evaluate/execution/submitAnswer','127.0.0.1','内网IP','{\"answers\":[{\"content\":\"B\",\"itemId\":2069233921036623874},{\"content\":\"222\",\"itemId\":2069233921036623875}],\"intermediateCode\":\"A5TCTI\",\"orderId\":2069233920973709313}',NULL,1,'\r\n### Error updating database.  Cause: java.sql.SQLException: Field \'random_code\' doesn\'t have a default value\r\n### The error may exist in com/ruoyi/touki/mapper/EvaluateReceiptMapper.java (best guess)\r\n### The error may involve com.ruoyi.touki.mapper.EvaluateReceiptMapper.insert-Inline\r\n### The error occurred while setting parameters\r\n### SQL: INSERT INTO evaluate_receipt  ( receipt_id, order_id, intermediate_code,   create_by, create_time, update_by, update_time )  VALUES  ( ?, ?, ?,   ?, ?, ?, ? )\r\n### Cause: java.sql.SQLException: Field \'random_code\' doesn\'t have a default value\n; Field \'random_code\' doesn\'t have a default value; nested exception is java.sql.SQLException: Field \'random_code\' doesn\'t have a default value','2026-06-23 10:50:51',176),(220,'提交评议答案',1,'com.ruoyi.touki.controller.EvaluateController.submitAnswer()','POST',1,'admin','成都房建公寓段','/evaluate/execution/submitAnswer','127.0.0.1','内网IP','{\"answers\":[{\"content\":\"B\",\"itemId\":2069233921036623874},{\"content\":\"222\",\"itemId\":2069233921036623875}],\"intermediateCode\":\"A5TCTI\",\"orderId\":2069233920973709313}',NULL,1,'\r\n### Error updating database.  Cause: java.sql.SQLException: Field \'random_code\' doesn\'t have a default value\r\n### The error may exist in com/ruoyi/touki/mapper/EvaluateReceiptMapper.java (best guess)\r\n### The error may involve com.ruoyi.touki.mapper.EvaluateReceiptMapper.insert-Inline\r\n### The error occurred while setting parameters\r\n### SQL: INSERT INTO evaluate_receipt  ( receipt_id, order_id, intermediate_code,   create_by, create_time, update_by, update_time )  VALUES  ( ?, ?, ?,   ?, ?, ?, ? )\r\n### Cause: java.sql.SQLException: Field \'random_code\' doesn\'t have a default value\n; Field \'random_code\' doesn\'t have a default value; nested exception is java.sql.SQLException: Field \'random_code\' doesn\'t have a default value','2026-06-23 10:51:28',13001),(221,'提交评议答案',1,'com.ruoyi.touki.controller.EvaluateController.submitAnswer()','POST',1,'admin','成都房建公寓段','/evaluate/execution/submitAnswer','127.0.0.1','内网IP','{\"answers\":[{\"answerId\":2069252387391135746,\"content\":\"B\",\"createBy\":\"admin\",\"createTime\":\"2026-06-23 10:53:08.664\",\"itemId\":2069233921036623874,\"receiptId\":2069252387231752194,\"updateBy\":\"admin\",\"updateTime\":\"2026-06-23 10:53:08.664\"},{\"answerId\":2069252387391135747,\"content\":\"222\",\"createBy\":\"admin\",\"createTime\":\"2026-06-23 10:53:08.666\",\"itemId\":2069233921036623875,\"receiptId\":2069252387231752194,\"updateBy\":\"admin\",\"updateTime\":\"2026-06-23 10:53:08.666\"}],\"intermediateCode\":\"A5TCTI\",\"orderId\":2069233920973709313,\"randomCode\":\"WZFGH1\"}','{\"msg\":\"操作成功\",\"code\":200}',0,NULL,'2026-06-23 10:53:08',2548),(222,'提交评议答案',1,'com.ruoyi.touki.controller.EvaluateController.submitAnswer()','POST',1,'admin','成都房建公寓段','/evaluate/execution/submitAnswer','127.0.0.1','内网IP','{\"answers\":[{\"answerId\":2069252749535731715,\"content\":\"C\",\"createBy\":\"admin\",\"createTime\":\"2026-06-23 10:54:35.017\",\"itemId\":2069233921036623874,\"receiptId\":2069252749535731714,\"updateBy\":\"admin\",\"updateTime\":\"2026-06-23 10:54:35.017\"},{\"answerId\":2069252749598646274,\"content\":\"333\",\"createBy\":\"admin\",\"createTime\":\"2026-06-23 10:54:35.019\",\"itemId\":2069233921036623875,\"receiptId\":2069252749535731714,\"updateBy\":\"admin\",\"updateTime\":\"2026-06-23 10:54:35.019\"}],\"intermediateCode\":\"A5TCTI\",\"orderId\":2069233920973709313,\"randomCode\":\"WZFGH1\"}','{\"msg\":\"操作成功\",\"code\":200}',0,NULL,'2026-06-23 10:54:35',11),(223,'菜单管理',1,'com.ruoyi.web.controller.system.SysMenuController.add()','POST',1,'admin','成都房建公寓段','/system/menu','127.0.0.1','内网IP','{\"children\":[],\"component\":\"evaluate/answer\",\"createBy\":\"admin\",\"icon\":\"form\",\"isCache\":\"0\",\"isFrame\":\"1\",\"menuName\":\"答案管理\",\"menuType\":\"C\",\"orderNum\":3,\"params\":{},\"parentId\":2000,\"path\":\"evaluate/answer\",\"perms\":\"evaluate:answer\",\"routeName\":\"answer\",\"status\":\"0\",\"visible\":\"0\"}','{\"msg\":\"操作成功\",\"code\":200}',0,NULL,'2026-06-23 10:59:01',17),(224,'菜单管理',2,'com.ruoyi.web.controller.system.SysMenuController.edit()','PUT',1,'admin','成都房建公寓段','/system/menu','127.0.0.1','内网IP','{\"children\":[],\"component\":\"evaluate/order/index\",\"createTime\":\"2026-06-17 20:53:14\",\"icon\":\"list\",\"isCache\":\"0\",\"isFrame\":\"1\",\"menuId\":2001,\"menuName\":\"评议单管理\",\"menuType\":\"C\",\"orderNum\":0,\"params\":{},\"parentId\":2000,\"path\":\"evaluate/order\",\"perms\":\"evaluate:order:list\",\"routeName\":\"order\",\"status\":\"0\",\"updateBy\":\"admin\",\"visible\":\"0\"}','{\"msg\":\"操作成功\",\"code\":200}',0,NULL,'2026-06-23 10:59:46',23),(225,'菜单管理',2,'com.ruoyi.web.controller.system.SysMenuController.edit()','PUT',1,'admin','成都房建公寓段','/system/menu','127.0.0.1','内网IP','{\"children\":[],\"component\":\"evaluate/answer\",\"createTime\":\"2026-06-23 10:59:01\",\"icon\":\"form\",\"isCache\":\"0\",\"isFrame\":\"1\",\"menuId\":2003,\"menuName\":\"答案管理\",\"menuType\":\"C\",\"orderNum\":3,\"params\":{},\"parentId\":2000,\"path\":\"evaluate/answer\",\"perms\":\"evaluate:answer:list\",\"routeName\":\"answer\",\"status\":\"0\",\"updateBy\":\"admin\",\"visible\":\"0\"}','{\"msg\":\"操作成功\",\"code\":200}',0,NULL,'2026-06-23 11:00:00',11),(226,'菜单管理',2,'com.ruoyi.web.controller.system.SysMenuController.edit()','PUT',1,'admin','成都房建公寓段','/system/menu','127.0.0.1','内网IP','{\"children\":[],\"component\":\"evaluate/receipt\",\"createTime\":\"2026-06-23 10:59:01\",\"icon\":\"form\",\"isCache\":\"0\",\"isFrame\":\"1\",\"menuId\":2003,\"menuName\":\"答案管理\",\"menuType\":\"C\",\"orderNum\":3,\"params\":{},\"parentId\":2000,\"path\":\"evaluate/receipt\",\"perms\":\"evaluate:receipt:list\",\"routeName\":\"answer\",\"status\":\"0\",\"updateBy\":\"admin\",\"visible\":\"0\"}','{\"msg\":\"操作成功\",\"code\":200}',0,NULL,'2026-06-23 11:10:41',53),(227,'菜单管理',2,'com.ruoyi.web.controller.system.SysMenuController.edit()','PUT',1,'admin','成都房建公寓段','/system/menu','127.0.0.1','内网IP','{\"children\":[],\"component\":\"evaluate/receipt\",\"createTime\":\"2026-06-23 10:59:01\",\"icon\":\"form\",\"isCache\":\"0\",\"isFrame\":\"1\",\"menuId\":2003,\"menuName\":\"答案管理\",\"menuType\":\"C\",\"orderNum\":3,\"params\":{},\"parentId\":2000,\"path\":\"evaluate/receipt\",\"perms\":\"evaluate:receipt:list\",\"routeName\":\"receipt\",\"status\":\"0\",\"updateBy\":\"admin\",\"visible\":\"0\"}','{\"msg\":\"操作成功\",\"code\":200}',0,NULL,'2026-06-23 14:27:17',30),(228,'菜单管理',2,'com.ruoyi.web.controller.system.SysMenuController.edit()','PUT',1,'admin','成都房建公寓段','/system/menu','127.0.0.1','内网IP','{\"children\":[],\"component\":\"evaluate/receipt/index\",\"createTime\":\"2026-06-23 10:59:01\",\"icon\":\"form\",\"isCache\":\"0\",\"isFrame\":\"1\",\"menuId\":2003,\"menuName\":\"答案管理\",\"menuType\":\"C\",\"orderNum\":3,\"params\":{},\"parentId\":2000,\"path\":\"evaluate/receipt\",\"perms\":\"evaluate:receipt:list\",\"routeName\":\"receipt\",\"status\":\"0\",\"updateBy\":\"admin\",\"visible\":\"0\"}','{\"msg\":\"操作成功\",\"code\":200}',0,NULL,'2026-06-23 14:27:40',10),(229,'菜单管理',2,'com.ruoyi.web.controller.system.SysMenuController.edit()','PUT',1,'admin','成都房建公寓段','/system/menu','127.0.0.1','内网IP','{\"children\":[],\"component\":\"/order/index\",\"createTime\":\"2026-06-17 20:53:14\",\"icon\":\"list\",\"isCache\":\"0\",\"isFrame\":\"1\",\"menuId\":2001,\"menuName\":\"评议单管理\",\"menuType\":\"C\",\"orderNum\":0,\"params\":{},\"parentId\":2000,\"path\":\"/order\",\"perms\":\"evaluate:order:list\",\"routeName\":\"order\",\"status\":\"0\",\"updateBy\":\"admin\",\"visible\":\"0\"}','{\"msg\":\"操作成功\",\"code\":200}',0,NULL,'2026-06-23 14:29:14',11),(230,'菜单管理',2,'com.ruoyi.web.controller.system.SysMenuController.edit()','PUT',1,'admin','成都房建公寓段','/system/menu','127.0.0.1','内网IP','{\"children\":[],\"component\":\"/index\",\"createTime\":\"2026-06-22 16:19:47\",\"icon\":\"education\",\"isCache\":\"0\",\"isFrame\":\"1\",\"menuId\":2002,\"menuName\":\"评议收集\",\"menuType\":\"C\",\"orderNum\":2,\"params\":{},\"parentId\":2000,\"path\":\"/index\",\"perms\":\"\",\"routeName\":\"\",\"status\":\"0\",\"updateBy\":\"admin\",\"visible\":\"0\"}','{\"msg\":\"操作成功\",\"code\":200}',0,NULL,'2026-06-23 14:29:23',8),(231,'菜单管理',2,'com.ruoyi.web.controller.system.SysMenuController.edit()','PUT',1,'admin','成都房建公寓段','/system/menu','127.0.0.1','内网IP','{\"children\":[],\"component\":\"receipt/index\",\"createTime\":\"2026-06-23 10:59:01\",\"icon\":\"form\",\"isCache\":\"0\",\"isFrame\":\"1\",\"menuId\":2003,\"menuName\":\"答案管理\",\"menuType\":\"C\",\"orderNum\":3,\"params\":{},\"parentId\":2000,\"path\":\"receipt\",\"perms\":\"evaluate:receipt:list\",\"routeName\":\"receipt\",\"status\":\"0\",\"updateBy\":\"admin\",\"visible\":\"0\"}','{\"msg\":\"操作成功\",\"code\":200}',0,NULL,'2026-06-23 14:29:31',11),(232,'菜单管理',2,'com.ruoyi.web.controller.system.SysMenuController.edit()','PUT',1,'admin','成都房建公寓段','/system/menu','127.0.0.1','内网IP','{\"children\":[],\"component\":\"index\",\"createTime\":\"2026-06-22 16:19:47\",\"icon\":\"education\",\"isCache\":\"0\",\"isFrame\":\"1\",\"menuId\":2002,\"menuName\":\"评议收集\",\"menuType\":\"C\",\"orderNum\":2,\"params\":{},\"parentId\":2000,\"path\":\"index\",\"perms\":\"\",\"routeName\":\"\",\"status\":\"0\",\"updateBy\":\"admin\",\"visible\":\"0\"}','{\"msg\":\"操作成功\",\"code\":200}',0,NULL,'2026-06-23 14:29:40',8),(233,'菜单管理',2,'com.ruoyi.web.controller.system.SysMenuController.edit()','PUT',1,'admin','成都房建公寓段','/system/menu','127.0.0.1','内网IP','{\"children\":[],\"component\":\"order/index\",\"createTime\":\"2026-06-17 20:53:14\",\"icon\":\"list\",\"isCache\":\"0\",\"isFrame\":\"1\",\"menuId\":2001,\"menuName\":\"评议单管理\",\"menuType\":\"C\",\"orderNum\":0,\"params\":{},\"parentId\":2000,\"path\":\"order\",\"perms\":\"evaluate:order:list\",\"routeName\":\"order\",\"status\":\"0\",\"updateBy\":\"admin\",\"visible\":\"0\"}','{\"msg\":\"操作成功\",\"code\":200}',0,NULL,'2026-06-23 14:29:45',10),(234,'菜单管理',2,'com.ruoyi.web.controller.system.SysMenuController.edit()','PUT',1,'admin','成都房建公寓段','/system/menu','127.0.0.1','内网IP','{\"children\":[],\"component\":\"order/index\",\"createTime\":\"2026-06-17 20:53:14\",\"icon\":\"list\",\"isCache\":\"0\",\"isFrame\":\"1\",\"menuId\":2001,\"menuName\":\"评议单管理\",\"menuType\":\"C\",\"orderNum\":0,\"params\":{},\"parentId\":2000,\"path\":\"order/index\",\"perms\":\"evaluate:order:list\",\"routeName\":\"order\",\"status\":\"0\",\"updateBy\":\"admin\",\"visible\":\"0\"}','{\"msg\":\"操作成功\",\"code\":200}',0,NULL,'2026-06-23 14:30:14',5),(235,'菜单管理',2,'com.ruoyi.web.controller.system.SysMenuController.edit()','PUT',1,'admin','成都房建公寓段','/system/menu','127.0.0.1','内网IP','{\"children\":[],\"component\":\"order/index\",\"createTime\":\"2026-06-17 20:53:14\",\"icon\":\"list\",\"isCache\":\"0\",\"isFrame\":\"1\",\"menuId\":2001,\"menuName\":\"评议单管理\",\"menuType\":\"C\",\"orderNum\":0,\"params\":{},\"parentId\":2000,\"path\":\"order\",\"perms\":\"evaluate:order:list\",\"routeName\":\"order\",\"status\":\"0\",\"updateBy\":\"admin\",\"visible\":\"0\"}','{\"msg\":\"操作成功\",\"code\":200}',0,NULL,'2026-06-23 14:31:13',10),(236,'菜单管理',2,'com.ruoyi.web.controller.system.SysMenuController.edit()','PUT',1,'admin','成都房建公寓段','/system/menu','127.0.0.1','内网IP','{\"children\":[],\"component\":\"receipt/index\",\"createTime\":\"2026-06-23 10:59:01\",\"icon\":\"form\",\"isCache\":\"0\",\"isFrame\":\"1\",\"menuId\":2003,\"menuName\":\"答案管理\",\"menuType\":\"C\",\"orderNum\":3,\"params\":{},\"parentId\":2000,\"path\":\"receipt\",\"perms\":\"evaluate:receipt:list\",\"routeName\":\"receipt\",\"status\":\"0\",\"updateBy\":\"admin\",\"visible\":\"0\"}','{\"msg\":\"操作成功\",\"code\":200}',0,NULL,'2026-06-23 14:31:17',10),(237,'菜单管理',2,'com.ruoyi.web.controller.system.SysMenuController.edit()','PUT',1,'admin','成都房建公寓段','/system/menu','127.0.0.1','内网IP','{\"children\":[],\"component\":\"evaluate/receipt/index\",\"createTime\":\"2026-06-23 10:59:01\",\"icon\":\"form\",\"isCache\":\"0\",\"isFrame\":\"1\",\"menuId\":2003,\"menuName\":\"答案管理\",\"menuType\":\"C\",\"orderNum\":3,\"params\":{},\"parentId\":2000,\"path\":\"receipt\",\"perms\":\"evaluate:receipt:list\",\"routeName\":\"receipt\",\"status\":\"0\",\"updateBy\":\"admin\",\"visible\":\"0\"}','{\"msg\":\"操作成功\",\"code\":200}',0,NULL,'2026-06-23 14:32:21',7),(238,'菜单管理',2,'com.ruoyi.web.controller.system.SysMenuController.edit()','PUT',1,'admin','成都房建公寓段','/system/menu','127.0.0.1','内网IP','{\"children\":[],\"component\":\"evaluate/index\",\"createTime\":\"2026-06-22 16:19:47\",\"icon\":\"education\",\"isCache\":\"0\",\"isFrame\":\"1\",\"menuId\":2002,\"menuName\":\"评议收集\",\"menuType\":\"C\",\"orderNum\":2,\"params\":{},\"parentId\":2000,\"path\":\"index\",\"perms\":\"\",\"routeName\":\"\",\"status\":\"0\",\"updateBy\":\"admin\",\"visible\":\"0\"}','{\"msg\":\"操作成功\",\"code\":200}',0,NULL,'2026-06-23 14:32:50',9),(239,'菜单管理',2,'com.ruoyi.web.controller.system.SysMenuController.edit()','PUT',1,'admin','成都房建公寓段','/system/menu','127.0.0.1','内网IP','{\"children\":[],\"component\":\"evaluate/order/index\",\"createTime\":\"2026-06-17 20:53:14\",\"icon\":\"list\",\"isCache\":\"0\",\"isFrame\":\"1\",\"menuId\":2001,\"menuName\":\"评议单管理\",\"menuType\":\"C\",\"orderNum\":0,\"params\":{},\"parentId\":2000,\"path\":\"order\",\"perms\":\"evaluate:order:list\",\"routeName\":\"order\",\"status\":\"0\",\"updateBy\":\"admin\",\"visible\":\"0\"}','{\"msg\":\"操作成功\",\"code\":200}',0,NULL,'2026-06-23 14:33:04',5),(240,'菜单管理',2,'com.ruoyi.web.controller.system.SysMenuController.edit()','PUT',1,'admin','成都房建公寓段','/system/menu','127.0.0.1','内网IP','{\"children\":[],\"component\":\"evaluate/index\",\"createTime\":\"2026-06-22 16:19:47\",\"icon\":\"education\",\"isCache\":\"0\",\"isFrame\":\"1\",\"menuId\":2002,\"menuName\":\"评议收集\",\"menuType\":\"C\",\"orderNum\":2,\"params\":{},\"parentId\":2000,\"path\":\"index\",\"perms\":\"\",\"routeName\":\"evaluateTest\",\"status\":\"0\",\"updateBy\":\"admin\",\"visible\":\"0\"}','{\"msg\":\"操作成功\",\"code\":200}',0,NULL,'2026-06-23 15:40:47',38),(241,'评议单管理',2,'com.ruoyi.touki.controller.EvaluateOrderController.update()','POST',1,'admin','成都房建公寓段','/evaluate/order/update','127.0.0.1','内网IP','{\"createBy\":\"admin\",\"createTime\":\"2026-06-23 09:39:46\",\"deadline\":\"2026-06-18\",\"deleted\":false,\"evaluateName\":\"关于xxx的评议事项\",\"evaluatedPersonDepartment\":\"安调中心\",\"evaluatedPersonName\":\"张三\",\"intermediateCode\":\"A5TCTI\",\"items\":[{\"createBy\":\"admin\",\"createTime\":\"2026-06-23 09:39:46\",\"deleted\":false,\"itemId\":2069233921036623874,\"itemType\":0,\"options\":[{\"createBy\":\"admin\",\"createTime\":\"2026-06-23 09:39:46\",\"deleted\":false,\"itemId\":2069233921036623874,\"optionCode\":\"A\",\"optionContent\":\"1\",\"optionId\":2069233921099538433,\"orderId\":2069233920973709313,\"sortNum\":1,\"updateBy\":\"admin\",\"updateTime\":\"2026-06-23 09:39:46\"},{\"createBy\":\"admin\",\"createTime\":\"2026-06-23 09:39:46\",\"deleted\":false,\"itemId\":2069233921036623874,\"optionCode\":\"B\",\"optionContent\":\"2\",\"optionId\":2069233921099538434,\"orderId\":2069233920973709313,\"sortNum\":2,\"updateBy\":\"admin\",\"updateTime\":\"2026-06-23 09:39:46\"},{\"createBy\":\"admin\",\"createTime\":\"2026-06-23 09:39:46\",\"deleted\":false,\"itemId\":2069233921036623874,\"optionCode\":\"C\",\"optionContent\":\"3\",\"optionId\":2069233921099538435,\"orderId\":2069233920973709313,\"sortNum\":3,\"updateBy\":\"admin\",\"updateTime\":\"2026-06-23 09:39:46\"},{\"createBy\":\"admin\",\"createTime\":\"2026-06-23 09:39:46\",\"deleted\":false,\"itemId\":2069233921036623874,\"optionCode\":\"D\",\"optionContent\":\"4\",\"optionId\":2069233921099538436,\"orderId\":2069233920973709313,\"sortNum\":4,\"updateBy\":\"admin\",\"updateTime\":\"2026-06-23 09:39:46\"}],\"orderId\":2069233920973709313,\"required\":true,\"sortNum\":1,\"title\":\"测试题目1\",\"updateBy\":\"admin\",\"updateTime\":\"2026-06-23 09:39:46\"},{\"createBy\":\"admin\",\"createTime\":\"2026-06-23 09:39:46\",\"deleted\":false,\"itemId\":2069233921036623875,\"itemType\":2,\"options\":[],\"orderId\":2069233920973709313,\"required\":true,\"sortNum\":2,\"title\":\"题目2\",\"updateBy\":\"admin\",\"updateTime\":\"2026-06-23 09:39:46\"}],\"orderId\":2069233920973709313,\"status\":1,\"updateBy\":\"admin\",\"updateTime\":\"2026-06-23 09:39:46\"}','{\"msg\":\"操作成功\",\"code\":200}',0,NULL,'2026-06-23 15:41:44',95),(242,'角色管理',5,'com.ruoyi.web.controller.system.SysRoleController.export()','POST',1,'admin','成都房建公寓段','/system/role/export','127.0.0.1','内网IP','{\"pageSize\":\"10\",\"pageNum\":\"1\"}',NULL,0,NULL,'2026-06-23 15:54:20',2178),(243,'菜单管理',1,'com.ruoyi.web.controller.system.SysMenuController.add()','POST',1,'admin','成都房建公寓段','/system/menu','127.0.0.1','内网IP','{\"children\":[],\"createBy\":\"admin\",\"isCache\":\"0\",\"isFrame\":\"1\",\"menuName\":\"新增\",\"menuType\":\"F\",\"orderNum\":0,\"params\":{},\"parentId\":2001,\"perms\":\"evaluate:order:add\",\"status\":\"0\",\"visible\":\"0\"}','{\"msg\":\"操作成功\",\"code\":200}',0,NULL,'2026-06-23 16:04:41',7),(244,'菜单管理',1,'com.ruoyi.web.controller.system.SysMenuController.add()','POST',1,'admin','成都房建公寓段','/system/menu','127.0.0.1','内网IP','{\"children\":[],\"createBy\":\"admin\",\"isCache\":\"0\",\"isFrame\":\"1\",\"menuName\":\"查询\",\"menuType\":\"F\",\"orderNum\":1,\"params\":{},\"parentId\":2001,\"perms\":\"evaluate:order:query\",\"status\":\"0\",\"visible\":\"0\"}','{\"msg\":\"操作成功\",\"code\":200}',0,NULL,'2026-06-23 16:05:19',10),(245,'菜单管理',1,'com.ruoyi.web.controller.system.SysMenuController.add()','POST',1,'admin','成都房建公寓段','/system/menu','127.0.0.1','内网IP','{\"children\":[],\"createBy\":\"admin\",\"isCache\":\"0\",\"isFrame\":\"1\",\"menuName\":\"修改\",\"menuType\":\"F\",\"orderNum\":2,\"params\":{},\"parentId\":2001,\"perms\":\"evaluate:order:edit\",\"status\":\"0\",\"visible\":\"0\"}','{\"msg\":\"操作成功\",\"code\":200}',0,NULL,'2026-06-23 16:05:50',5),(246,'菜单管理',1,'com.ruoyi.web.controller.system.SysMenuController.add()','POST',1,'admin','成都房建公寓段','/system/menu','127.0.0.1','内网IP','{\"children\":[],\"createBy\":\"admin\",\"isCache\":\"0\",\"isFrame\":\"1\",\"menuName\":\"删除\",\"menuType\":\"F\",\"orderNum\":3,\"params\":{},\"parentId\":2001,\"perms\":\"evaluate:order:remove\",\"status\":\"0\",\"visible\":\"0\"}','{\"msg\":\"操作成功\",\"code\":200}',0,NULL,'2026-06-23 16:06:32',9),(247,'菜单管理',1,'com.ruoyi.web.controller.system.SysMenuController.add()','POST',1,'admin','成都房建公寓段','/system/menu','127.0.0.1','内网IP','{\"children\":[],\"createBy\":\"admin\",\"isCache\":\"0\",\"isFrame\":\"1\",\"menuName\":\"发布\",\"menuType\":\"F\",\"orderNum\":4,\"params\":{},\"parentId\":2001,\"perms\":\"evaluate:order:publish\",\"status\":\"0\",\"visible\":\"0\"}','{\"msg\":\"操作成功\",\"code\":200}',0,NULL,'2026-06-23 16:08:56',5),(248,'菜单管理',1,'com.ruoyi.web.controller.system.SysMenuController.add()','POST',1,'admin','成都房建公寓段','/system/menu','127.0.0.1','内网IP','{\"children\":[],\"createBy\":\"admin\",\"isCache\":\"0\",\"isFrame\":\"1\",\"menuName\":\"查看随机码\",\"menuType\":\"F\",\"orderNum\":5,\"params\":{},\"parentId\":2001,\"perms\":\"evaluate:order:codeInfo\",\"status\":\"0\",\"visible\":\"0\"}','{\"msg\":\"操作成功\",\"code\":200}',0,NULL,'2026-06-23 16:09:21',9),(249,'菜单管理',1,'com.ruoyi.web.controller.system.SysMenuController.add()','POST',1,'admin','成都房建公寓段','/system/menu','127.0.0.1','内网IP','{\"children\":[],\"createBy\":\"admin\",\"isCache\":\"0\",\"isFrame\":\"1\",\"menuName\":\"详情\",\"menuType\":\"F\",\"orderNum\":0,\"params\":{},\"parentId\":2003,\"perms\":\"evaluate:receipt:detail\",\"status\":\"0\",\"visible\":\"0\"}','{\"msg\":\"操作成功\",\"code\":200}',0,NULL,'2026-06-23 16:19:01',19),(250,'菜单管理',1,'com.ruoyi.web.controller.system.SysMenuController.add()','POST',1,'admin','成都房建公寓段','/system/menu','127.0.0.1','内网IP','{\"children\":[],\"createBy\":\"admin\",\"isCache\":\"0\",\"isFrame\":\"1\",\"menuName\":\"导出\",\"menuType\":\"F\",\"orderNum\":1,\"params\":{},\"parentId\":2003,\"perms\":\"evaluate:receipt:export\",\"status\":\"0\",\"visible\":\"0\"}','{\"msg\":\"操作成功\",\"code\":200}',0,NULL,'2026-06-23 16:19:34',6),(251,'评议答案管理',5,'com.ruoyi.touki.controller.EvaluateReceiptController.export()','POST',1,'admin','成都房建公寓段','/evaluate/receipt/export','127.0.0.1','内网IP','{\"intermediateCode\":\"A5TCTI\",\"pageSize\":\"10\",\"pageNum\":\"1\"}',NULL,0,NULL,'2026-06-23 17:25:37',27375),(252,'评议答案管理',5,'com.ruoyi.touki.controller.EvaluateReceiptController.export()','POST',1,'admin','成都房建公寓段','/evaluate/receipt/export','127.0.0.1','内网IP','{\"intermediateCode\":\"A5TCTI\",\"pageSize\":\"10\",\"pageNum\":\"1\"}',NULL,0,NULL,'2026-06-23 17:45:34',1951),(253,'评议答案管理',5,'com.ruoyi.touki.controller.EvaluateReceiptController.export()','POST',1,'admin','成都房建公寓段','/evaluate/receipt/export','127.0.0.1','内网IP','{\"intermediateCode\":\"A5TCTI\",\"pageSize\":\"10\",\"pageNum\":\"1\"}',NULL,0,NULL,'2026-06-23 17:56:53',1816),(254,'评议答案管理',5,'com.ruoyi.touki.controller.EvaluateReceiptController.export()','POST',1,'admin','成都房建公寓段','/evaluate/receipt/export','127.0.0.1','内网IP','{\"intermediateCode\":\"A5TCTI\",\"pageSize\":\"10\",\"pageNum\":\"1\"}',NULL,0,NULL,'2026-06-23 18:05:51',1984),(255,'评议答案管理',5,'com.ruoyi.touki.controller.EvaluateReceiptController.export()','POST',1,'admin','成都房建公寓段','/evaluate/receipt/export','127.0.0.1','内网IP','{\"intermediateCode\":\"A5TCTI\",\"pageSize\":\"10\",\"pageNum\":\"1\"}',NULL,0,NULL,'2026-06-23 18:08:32',1809),(256,'评议答案管理',5,'com.ruoyi.touki.controller.EvaluateReceiptController.export()','POST',1,'admin','成都房建公寓段','/evaluate/receipt/export','127.0.0.1','内网IP','{\"intermediateCode\":\"A5TCTI\",\"pageSize\":\"10\",\"pageNum\":\"1\"}',NULL,0,NULL,'2026-06-23 18:10:43',64),(257,'评议答案管理',5,'com.ruoyi.touki.controller.EvaluateReceiptController.export()','POST',1,'admin','成都房建公寓段','/evaluate/receipt/export','127.0.0.1','内网IP','{\"intermediateCode\":\"A5TCTI\",\"pageSize\":\"10\",\"pageNum\":\"1\"}',NULL,0,NULL,'2026-06-23 18:13:54',101),(258,'评议单管理',1,'com.ruoyi.touki.controller.EvaluateOrderController.add()','POST',1,'admin','成都房建公寓段','/evaluate/order/add','127.0.0.1','内网IP','{\"deadline\":\"2026-06-25\",\"evaluateName\":\"关于xxx的7月评议\",\"evaluatedPersonDepartment\":\"安调中心\",\"evaluatedPersonName\":\"张三\",\"items\":[{\"itemType\":0,\"options\":[{\"createBy\":\"admin\",\"createTime\":\"2026-06-24 16:56:14.73\",\"itemId\":2069706152592056322,\"optionCode\":\"A\",\"optionContent\":\"一星\",\"optionId\":2069706152592056324,\"orderId\":2069706152508170241,\"sortNum\":1,\"updateBy\":\"admin\",\"updateTime\":\"2026-06-24 16:56:14.73\"},{\"createBy\":\"admin\",\"createTime\":\"2026-06-24 16:56:14.731\",\"itemId\":2069706152592056322,\"optionCode\":\"B\",\"optionContent\":\"二星\",\"optionId\":2069706152659165185,\"orderId\":2069706152508170241,\"sortNum\":2,\"updateBy\":\"admin\",\"updateTime\":\"2026-06-24 16:56:14.731\"},{\"createBy\":\"admin\",\"createTime\":\"2026-06-24 16:56:14.732\",\"itemId\":2069706152592056322,\"optionCode\":\"C\",\"optionContent\":\"三星\",\"optionId\":2069706152659165186,\"orderId\":2069706152508170241,\"sortNum\":3,\"updateBy\":\"admin\",\"updateTime\":\"2026-06-24 16:56:14.732\"},{\"createBy\":\"admin\",\"createTime\":\"2026-06-24 16:56:14.732\",\"itemId\":2069706152592056322,\"optionCode\":\"D\",\"optionContent\":\"四星\",\"optionId\":2069706152659165187,\"orderId\":2069706152508170241,\"sortNum\":4,\"updateBy\":\"admin\",\"updateTime\":\"2026-06-24 16:56:14.732\"},{\"createBy\":\"admin\",\"createTime\":\"2026-06-24 16:56:14.733\",\"itemId\":2069706152592056322,\"optionCode\":\"E\",\"optionContent\":\"五星\",\"optionId\":2069706152659165188,\"orderId\":2069706152508170241,\"sortNum\":5,\"updateBy\":\"admin\",\"updateTime\":\"2026-06-24 16:56:14.733\"}],\"required\":true,\"sortNum\":1,\"title\":\"关于xxx的评议\"},{\"itemType\":1,\"options\":[{\"createBy\":\"admin\",\"createTime\":\"2026-06-24 16:56:14.734\",\"itemId\":2069706152592056323,\"optionCode\":\"A\",\"optionContent\":\"选项a\",\"optionId\":2069706152659165189,\"orderId\":2069706152508170241,\"sortNum\":1,\"updateBy\":\"admin\",\"updateTime\":\"2026-06-24 16:56:14.734\"},{\"createBy\":\"admin\",\"createTime\":\"2026-06-24 16:56:14.735\",\"itemId\":2069706152592056323,\"optionCode\":\"B\",\"optionContent\":\"选项B\",\"optionId\":2069706152659165190,\"orderId\":2069706152508170241,\"sortNum\":2,\"updateBy\":\"admin\",\"updateTime','{\"msg\":\"操作成功\",\"code\":200}',0,NULL,'2026-06-24 16:56:14',95),(259,'评议单管理',10,'com.ruoyi.touki.controller.EvaluateOrderController.publish()','POST',1,'admin','成都房建公寓段','/evaluate/order/publish','127.0.0.1','内网IP','{\"codeCount\":\"20\",\"orderId\":\"2069706152508170241\",\"codeNum\":\"4\"}','{\"msg\":\"操作成功\",\"code\":200}',0,NULL,'2026-06-24 16:56:54',36),(260,'提交评议答案',1,'com.ruoyi.touki.controller.EvaluateExecutionController.submitAnswer()','POST',1,'admin','成都房建公寓段','/evaluate/execution/submitAnswer','127.0.0.1','内网IP','{\"answers\":[{\"answerId\":2069706874540826626,\"content\":\"C\",\"createBy\":\"admin\",\"createTime\":\"2026-06-24 16:59:06.85\",\"itemId\":2069706152592056322,\"receiptId\":2069706874473717761,\"updateBy\":\"admin\",\"updateTime\":\"2026-06-24 16:59:06.85\"},{\"answerId\":2069706874540826627,\"content\":\"B,A\",\"createBy\":\"admin\",\"createTime\":\"2026-06-24 16:59:06.851\",\"itemId\":2069706152592056323,\"receiptId\":2069706874473717761,\"updateBy\":\"admin\",\"updateTime\":\"2026-06-24 16:59:06.851\"}],\"intermediateCode\":\"3UVGUV\",\"orderId\":2069706152508170241,\"randomCode\":\"PNSU2B\"}','{\"msg\":\"操作成功\",\"code\":200}',0,NULL,'2026-06-24 16:59:06',30),(261,'评议答案管理',5,'com.ruoyi.touki.controller.EvaluateReceiptController.export()','POST',1,'admin','成都房建公寓段','/evaluate/receipt/export','127.0.0.1','内网IP','{\"intermediateCode\":\"3UVGUV\",\"pageSize\":\"10\",\"pageNum\":\"1\"}',NULL,0,NULL,'2026-06-24 17:01:39',1826),(262,'评议单管理',1,'com.ruoyi.touki.controller.EvaluateOrderController.add()','POST',1,'admin','成都房建公寓段','/evaluate/order/add','127.0.0.1','内网IP','{\"deadline\":\"2026-06-11\",\"evaluateName\":\"111\",\"evaluatedPersonDepartment\":\"\",\"evaluatedPersonName\":\"\",\"items\":[{\"itemType\":0,\"options\":[{\"createBy\":\"admin\",\"createTime\":\"2026-06-25 14:36:33.152\",\"itemId\":2070033385558970370,\"optionCode\":\"A\",\"optionContent\":\"aaa\",\"optionId\":2070033385630273538,\"orderId\":2070033385470889986,\"sortNum\":1,\"updateBy\":\"admin\",\"updateTime\":\"2026-06-25 14:36:33.152\"}],\"required\":true,\"sortNum\":1,\"title\":\"测试\"},{\"itemType\":1,\"options\":[{\"createBy\":\"admin\",\"createTime\":\"2026-06-25 14:36:33.153\",\"itemId\":2070033385558970371,\"optionCode\":\"A\",\"optionContent\":\"aaa\",\"optionId\":2070033385638662146,\"orderId\":2070033385470889986,\"sortNum\":1,\"updateBy\":\"admin\",\"updateTime\":\"2026-06-25 14:36:33.153\"},{\"createBy\":\"admin\",\"createTime\":\"2026-06-25 14:36:33.153\",\"itemId\":2070033385558970371,\"optionCode\":\"B\",\"optionContent\":\"bbb\",\"optionId\":2070033385638662147,\"orderId\":2070033385470889986,\"sortNum\":2,\"updateBy\":\"admin\",\"updateTime\":\"2026-06-25 14:36:33.153\"}],\"required\":true,\"sortNum\":2,\"title\":\"ces\"}]}','{\"msg\":\"操作成功\",\"code\":200}',0,NULL,'2026-06-25 14:36:33',95),(263,'评议单管理',3,'com.ruoyi.touki.controller.EvaluateOrderController.remove()','POST',1,'admin','成都房建公寓段','/evaluate/order/remove','127.0.0.1','内网IP','[2070033385470889986]','{\"msg\":\"操作成功\",\"code\":200}',0,NULL,'2026-06-25 14:37:22',43),(264,'字典数据',1,'com.ruoyi.web.controller.system.SysDictDataController.add()','POST',1,'admin','成都房建公寓段','/system/dict/data','127.0.0.1','内网IP','{\"createBy\":\"admin\",\"default\":false,\"dictLabel\":\"打分\",\"dictSort\":3,\"dictType\":\"evaluate_item_type\",\"dictValue\":\"3\",\"listClass\":\"default\",\"params\":{},\"status\":\"0\"}','{\"msg\":\"操作成功\",\"code\":200}',0,NULL,'2026-06-25 15:01:10',43),(265,'字典类型',9,'com.ruoyi.web.controller.system.SysDictTypeController.refreshCache()','DELETE',1,'admin','成都房建公寓段','/system/dict/type/refreshCache','127.0.0.1','内网IP','','{\"msg\":\"操作成功\",\"code\":200}',0,NULL,'2026-06-25 15:01:17',56),(266,'字典类型',1,'com.ruoyi.web.controller.system.SysDictTypeController.add()','POST',1,'admin','成都房建公寓段','/system/dict/type','127.0.0.1','内网IP','{\"createBy\":\"admin\",\"dictName\":\"评议单类型\",\"dictType\":\"evaluate_order_type\",\"params\":{},\"status\":\"0\"}','{\"msg\":\"操作成功\",\"code\":200}',0,NULL,'2026-06-25 15:10:06',10),(267,'字典数据',1,'com.ruoyi.web.controller.system.SysDictDataController.add()','POST',1,'admin','成都房建公寓段','/system/dict/data','127.0.0.1','内网IP','{\"createBy\":\"admin\",\"default\":false,\"dictLabel\":\"打分\",\"dictSort\":0,\"dictType\":\"evaluate_order_type\",\"dictValue\":\"0\",\"listClass\":\"success\",\"params\":{},\"status\":\"0\"}','{\"msg\":\"操作成功\",\"code\":200}',0,NULL,'2026-06-25 15:10:42',12),(268,'字典数据',1,'com.ruoyi.web.controller.system.SysDictDataController.add()','POST',1,'admin','成都房建公寓段','/system/dict/data','127.0.0.1','内网IP','{\"createBy\":\"admin\",\"default\":false,\"dictLabel\":\"问卷\",\"dictSort\":1,\"dictType\":\"evaluate_order_type\",\"dictValue\":\"1\",\"listClass\":\"primary\",\"params\":{},\"status\":\"0\"}','{\"msg\":\"操作成功\",\"code\":200}',0,NULL,'2026-06-25 15:10:55',11),(269,'字典类型',9,'com.ruoyi.web.controller.system.SysDictTypeController.refreshCache()','DELETE',1,'admin','成都房建公寓段','/system/dict/type/refreshCache','127.0.0.1','内网IP','','{\"msg\":\"操作成功\",\"code\":200}',0,NULL,'2026-06-25 15:11:01',13),(270,'评议单管理',1,'com.ruoyi.touki.controller.EvaluateOrderController.add()','POST',1,'admin','成都房建公寓段','/evaluate/order/add','127.0.0.1','内网IP','{\"deadline\":\"2026-06-24\",\"evaluateName\":\"测试事项名称\",\"items\":[{\"itemType\":3,\"options\":[],\"required\":true,\"sortNum\":1,\"title\":\"测试评分1\"},{\"itemType\":3,\"options\":[],\"required\":true,\"sortNum\":2,\"title\":\"测试评分2\"}],\"persons\":[{\"createBy\":\"admin\",\"createTime\":\"2026-06-25 15:18:19.027\",\"department\":\"部门1\",\"name\":\"姓名1\",\"orderId\":2070043895943704578,\"updateBy\":\"admin\",\"updateTime\":\"2026-06-25 15:18:19.027\"}],\"type\":0}',NULL,1,'com.ruoyi.touki.mapper.EvaluatePersonMapper.insert (batch index #1) failed. Cause: java.sql.BatchUpdateException: Field \'person_id\' doesn\'t have a default value\n; Field \'person_id\' doesn\'t have a default value; nested exception is java.sql.BatchUpdateException: Field \'person_id\' doesn\'t have a default value','2026-06-25 15:18:19',103),(271,'评议单管理',1,'com.ruoyi.touki.controller.EvaluateOrderController.add()','POST',1,'admin','成都房建公寓段','/evaluate/order/add','127.0.0.1','内网IP','{\"deadline\":\"2026-06-24\",\"evaluateName\":\"测试事项名称\",\"items\":[{\"itemType\":3,\"options\":[],\"required\":true,\"sortNum\":1,\"title\":\"测试评分1\"},{\"itemType\":3,\"options\":[],\"required\":true,\"sortNum\":2,\"title\":\"测试评分2\"}],\"persons\":[{\"createBy\":\"admin\",\"createTime\":\"2026-06-25 15:18:50.709\",\"department\":\"部门1\",\"name\":\"姓名1\",\"orderId\":2070044028869586945,\"personId\":2070044028869586946,\"updateBy\":\"admin\",\"updateTime\":\"2026-06-25 15:18:50.709\"}],\"type\":0}',NULL,1,'com.ruoyi.touki.mapper.EvaluatePersonMapper.insert (batch index #1) failed. Cause: java.sql.BatchUpdateException: Field \'deleted\' doesn\'t have a default value\n; Field \'deleted\' doesn\'t have a default value; nested exception is java.sql.BatchUpdateException: Field \'deleted\' doesn\'t have a default value','2026-06-25 15:18:50',52),(272,'评议单管理',1,'com.ruoyi.touki.controller.EvaluateOrderController.add()','POST',1,'admin','成都房建公寓段','/evaluate/order/add','127.0.0.1','内网IP','{\"deadline\":\"2026-06-24\",\"evaluateName\":\"测试事项名称\",\"items\":[{\"itemType\":3,\"options\":[],\"required\":true,\"sortNum\":1,\"title\":\"测试评分1\"},{\"itemType\":3,\"options\":[],\"required\":true,\"sortNum\":2,\"title\":\"测试评分2\"}],\"persons\":[{\"createBy\":\"admin\",\"createTime\":\"2026-06-25 15:19:07.621\",\"department\":\"部门1\",\"name\":\"姓名1\",\"orderId\":2070044099791073281,\"personId\":2070044099791073282,\"updateBy\":\"admin\",\"updateTime\":\"2026-06-25 15:19:07.621\"}],\"type\":0}','{\"msg\":\"操作失败\",\"code\":500}',0,NULL,'2026-06-25 15:19:07',24),(273,'评议单管理',1,'com.ruoyi.touki.controller.EvaluateOrderController.add()','POST',1,'admin','成都房建公寓段','/evaluate/order/add','127.0.0.1','内网IP','{\"deadline\":\"2026-06-24\",\"evaluateName\":\"测试事项名称\",\"items\":[{\"itemType\":3,\"options\":[],\"required\":true,\"sortNum\":1,\"title\":\"测试评分1\"},{\"itemType\":3,\"options\":[],\"required\":true,\"sortNum\":2,\"title\":\"测试评分2\"}],\"persons\":[{\"createBy\":\"admin\",\"createTime\":\"2026-06-25 15:19:44.757\",\"department\":\"部门1\",\"name\":\"姓名1\",\"orderId\":2070044255592689666,\"personId\":2070044255592689667,\"updateBy\":\"admin\",\"updateTime\":\"2026-06-25 15:19:44.757\"}],\"type\":0}','{\"msg\":\"操作失败\",\"code\":500}',0,NULL,'2026-06-25 15:19:44',11),(274,'评议单管理',1,'com.ruoyi.touki.controller.EvaluateOrderController.add()','POST',1,'admin','成都房建公寓段','/evaluate/order/add','127.0.0.1','内网IP','{\"deadline\":\"2026-06-24\",\"evaluateName\":\"111\",\"items\":[{\"itemType\":3,\"options\":[],\"required\":true,\"sortNum\":1,\"title\":\"111\"},{\"itemType\":3,\"options\":[],\"required\":true,\"sortNum\":2,\"title\":\"111\"}],\"persons\":[{\"createBy\":\"admin\",\"createTime\":\"2026-06-25 15:20:27.587\",\"department\":\"111\",\"name\":\"111\",\"orderId\":2070044435243118593,\"personId\":2070044435243118594,\"updateBy\":\"admin\",\"updateTime\":\"2026-06-25 15:20:27.587\"},{\"createBy\":\"admin\",\"createTime\":\"2026-06-25 15:20:27.588\",\"department\":\"333\",\"name\":\"222\",\"orderId\":2070044435243118593,\"personId\":2070044435243118595,\"updateBy\":\"admin\",\"updateTime\":\"2026-06-25 15:20:27.588\"}],\"type\":0}','{\"msg\":\"操作失败\",\"code\":500}',0,NULL,'2026-06-25 15:20:27',12),(275,'评议单管理',1,'com.ruoyi.touki.controller.EvaluateOrderController.add()','POST',1,'admin','成都房建公寓段','/evaluate/order/add','127.0.0.1','内网IP','{\"deadline\":\"2026-06-29\",\"evaluateName\":\"111\",\"items\":[{\"itemType\":3,\"options\":[],\"required\":true,\"sortNum\":1,\"title\":\"1\"}],\"persons\":[{\"createBy\":\"admin\",\"createTime\":\"2026-06-25 15:29:32.068\",\"department\":\"1\",\"name\":\"1\",\"orderId\":2070046718764781570,\"personId\":2070046718949330946,\"updateBy\":\"admin\",\"updateTime\":\"2026-06-25 15:29:32.068\"},{\"createBy\":\"admin\",\"createTime\":\"2026-06-25 15:29:32.071\",\"department\":\"2\",\"name\":\"2\",\"orderId\":2070046718764781570,\"personId\":2070046718949330947,\"updateBy\":\"admin\",\"updateTime\":\"2026-06-25 15:29:32.071\"}],\"type\":0}','{\"msg\":\"操作失败\",\"code\":500}',0,NULL,'2026-06-25 15:29:32',141),(276,'评议单管理',1,'com.ruoyi.touki.controller.EvaluateOrderController.add()','POST',1,'admin','成都房建公寓段','/evaluate/order/add','127.0.0.1','内网IP','{\"deadline\":\"2026-06-29\",\"evaluateName\":\"111\",\"items\":[{\"itemType\":3,\"options\":[],\"required\":true,\"sortNum\":1,\"title\":\"1\"}],\"persons\":[{\"createBy\":\"admin\",\"createTime\":\"2026-06-25 15:30:04.988\",\"department\":\"1\",\"name\":\"1\",\"orderId\":2070046857009041410,\"personId\":2070046857009041411,\"updateBy\":\"admin\",\"updateTime\":\"2026-06-25 15:30:04.988\"},{\"createBy\":\"admin\",\"createTime\":\"2026-06-25 15:30:04.99\",\"department\":\"2\",\"name\":\"2\",\"orderId\":2070046857009041410,\"personId\":2070046857009041412,\"updateBy\":\"admin\",\"updateTime\":\"2026-06-25 15:30:04.99\"}],\"type\":0}','{\"msg\":\"操作失败\",\"code\":500}',0,NULL,'2026-06-25 15:30:34',29128),(277,'评议单管理',1,'com.ruoyi.touki.controller.EvaluateOrderController.add()','POST',1,'admin','成都房建公寓段','/evaluate/order/add','127.0.0.1','内网IP','{\"deadline\":\"2026-06-29\",\"evaluateName\":\"111\",\"items\":[{\"itemType\":3,\"options\":[],\"required\":true,\"sortNum\":1,\"title\":\"1\"}],\"persons\":[{\"createBy\":\"admin\",\"createTime\":\"2026-06-25 15:33:43.029\",\"department\":\"1\",\"name\":\"1\",\"orderId\":2070047771530891266,\"personId\":2070047771530891267,\"updateBy\":\"admin\",\"updateTime\":\"2026-06-25 15:33:43.029\"},{\"createBy\":\"admin\",\"createTime\":\"2026-06-25 15:33:43.03\",\"department\":\"2\",\"name\":\"2\",\"orderId\":2070047771530891266,\"personId\":2070047771530891268,\"updateBy\":\"admin\",\"updateTime\":\"2026-06-25 15:33:43.03\"}],\"type\":0}','{\"msg\":\"操作成功\",\"code\":200}',0,NULL,'2026-06-25 15:33:43',56),(278,'评议单管理',3,'com.ruoyi.touki.controller.EvaluateOrderController.remove()','POST',1,'admin','成都房建公寓段','/evaluate/order/remove','127.0.0.1','内网IP','[2070044435243118593]','{\"msg\":\"操作成功\",\"code\":200}',0,NULL,'2026-06-25 15:33:52',25),(279,'评议单管理',3,'com.ruoyi.touki.controller.EvaluateOrderController.remove()','POST',1,'admin','成都房建公寓段','/evaluate/order/remove','127.0.0.1','内网IP','[2070046718764781570,2070046857009041410,2070047771530891266]','{\"msg\":\"操作成功\",\"code\":200}',0,NULL,'2026-06-25 15:33:57',7),(280,'评议单管理',10,'com.ruoyi.touki.controller.EvaluateOrderController.publish()','POST',1,'admin','成都房建公寓段','/evaluate/order/publish','127.0.0.1','内网IP','{\"orderId\":\"2070044099791073281\"}',NULL,1,'com.ruoyi.touki.mapper.EvaluateOrderCodeMapper.insert (batch index #1) failed. Cause: java.sql.BatchUpdateException: Field \'count\' doesn\'t have a default value\n; Field \'count\' doesn\'t have a default value; nested exception is java.sql.BatchUpdateException: Field \'count\' doesn\'t have a default value','2026-06-25 16:21:57',155),(281,'评议单管理',10,'com.ruoyi.touki.controller.EvaluateOrderController.publish()','POST',1,'admin','成都房建公寓段','/evaluate/order/publish','127.0.0.1','内网IP','{\"orderId\":\"2070044099791073281\"}','{\"msg\":\"操作成功\",\"code\":200}',0,NULL,'2026-06-25 16:22:29',43),(282,'评议单管理',10,'com.ruoyi.touki.controller.EvaluateOrderController.publish()','POST',1,'admin','成都房建公寓段','/evaluate/order/publish','127.0.0.1','内网IP','{\"orderId\":\"2070044255592689666\"}','{\"msg\":\"操作成功\",\"code\":200}',0,NULL,'2026-06-25 16:22:43',14),(283,'评议单管理',2,'com.ruoyi.touki.controller.EvaluateOrderController.update()','POST',1,'admin','成都房建公寓段','/evaluate/order/update','127.0.0.1','内网IP','{\"createBy\":\"admin\",\"createTime\":\"2026-06-25 15:19:08\",\"deadline\":\"2026-06-24\",\"deleted\":false,\"evaluateName\":\"测试事项名称\",\"intermediateCode\":\"EU6WTW\",\"items\":[{\"createBy\":\"admin\",\"createTime\":\"2026-06-25 15:19:08\",\"deleted\":false,\"itemId\":2070044099853987841,\"itemType\":3,\"orderId\":2070044099791073281,\"required\":true,\"sortNum\":1,\"title\":\"测试评分1\",\"updateBy\":\"admin\",\"updateTime\":\"2026-06-25 15:19:08\"},{\"createBy\":\"admin\",\"createTime\":\"2026-06-25 15:19:08\",\"deleted\":false,\"itemId\":2070044099853987842,\"itemType\":3,\"orderId\":2070044099791073281,\"required\":true,\"sortNum\":2,\"title\":\"测试评分2\",\"updateBy\":\"admin\",\"updateTime\":\"2026-06-25 15:19:08\"}],\"orderId\":2070044099791073281,\"persons\":[{\"createBy\":\"admin\",\"createTime\":\"2026-06-25 16:32:38.739\",\"department\":\"部门2\",\"name\":\"姓名2\",\"orderId\":2070044099791073281,\"personId\":2070062601398702082,\"updateBy\":\"admin\",\"updateTime\":\"2026-06-25 16:32:38.739\"},{\"createBy\":\"admin\",\"createTime\":\"2026-06-25 16:32:38.741\",\"department\":\"部门3\",\"name\":\"姓名3\",\"orderId\":2070044099791073281,\"personId\":2070062601398702083,\"updateBy\":\"admin\",\"updateTime\":\"2026-06-25 16:32:38.741\"}],\"status\":0,\"type\":0,\"updateBy\":\"admin\",\"updateTime\":\"2026-06-25 15:19:08\"}',NULL,1,'java.lang.NullPointerException\r\n	at com.ruoyi.touki.service.impl.EvaluateOrderServiceImpl.updateOrder(EvaluateOrderServiceImpl.java:178)\r\n	at com.ruoyi.touki.service.impl.EvaluateOrderServiceImpl$$FastClassBySpringCGLIB$$736feb00.invoke(<generated>)\r\n	at org.springframework.cglib.proxy.MethodProxy.invoke(MethodProxy.java:218)\r\n	at org.springframework.aop.framework.CglibAopProxy$CglibMethodInvocation.invokeJoinpoint(CglibAopProxy.java:792)\r\n	at org.springframework.aop.framework.ReflectiveMethodInvocation.proceed(ReflectiveMethodInvocation.java:163)\r\n	at org.springframework.aop.framework.CglibAopProxy$CglibMethodInvocation.proceed(CglibAopProxy.java:762)\r\n	at org.springframework.transaction.interceptor.TransactionInterceptor$1.proceedWithInvocation(TransactionInterceptor.java:123)\r\n	at org.springframework.transaction.interceptor.TransactionAspectSupport.invokeWithinTransaction(TransactionAspectSupport.java:388)\r\n	at org.springframework.transaction.interceptor.TransactionInterceptor.invoke(TransactionInterceptor.java:119)\r\n	at org.springframework.aop.framework.ReflectiveMethodInvocation.proceed(ReflectiveMethodInvocation.java:186)\r\n	at org.springframework.aop.framework.CglibAopProxy$CglibMethodInvocation.proceed(CglibAopProxy.java:762)\r\n	at org.springframework.aop.framework.CglibAopProxy$DynamicAdvisedInterceptor.intercept(CglibAopProxy.java:707)\r\n	at com.ruoyi.touki.service.impl.EvaluateOrderServiceImpl$$EnhancerBySpringCGLIB$$9248494f.updateOrder(<generated>)\r\n	at com.ruoyi.touki.controller.EvaluateOrderController.update(EvaluateOrderController.java:62)\r\n	at com.ruoyi.touki.controller.EvaluateOrderController$$FastClassBySpringCGLIB$$e77cb3d4.invoke(<generated>)\r\n	at org.springframework.cglib.proxy.MethodProxy.invoke(MethodProxy.java:218)\r\n	at org.springframework.aop.framework.CglibAopProxy$CglibMethodInvocation.invokeJoinpoint(CglibAopProxy.java:792)\r\n	at org.springframework.aop.framework.ReflectiveMethodInvocation.proceed(ReflectiveMethodInvocation.java:163)\r\n	at or','2026-06-25 16:32:38',62),(284,'评议单管理',2,'com.ruoyi.touki.controller.EvaluateOrderController.update()','POST',1,'admin','成都房建公寓段','/evaluate/order/update','127.0.0.1','内网IP','{\"createBy\":\"admin\",\"createTime\":\"2026-06-25 15:19:08\",\"deadline\":\"2026-06-24\",\"deleted\":false,\"evaluateName\":\"测试事项名称\",\"intermediateCode\":\"EU6WTW\",\"items\":[{\"createBy\":\"admin\",\"createTime\":\"2026-06-25 15:19:08\",\"deleted\":false,\"itemId\":2070044099853987841,\"itemType\":3,\"orderId\":2070044099791073281,\"required\":true,\"sortNum\":1,\"title\":\"测试评分1\",\"updateBy\":\"admin\",\"updateTime\":\"2026-06-25 15:19:08\"},{\"createBy\":\"admin\",\"createTime\":\"2026-06-25 15:19:08\",\"deleted\":false,\"itemId\":2070044099853987842,\"itemType\":3,\"orderId\":2070044099791073281,\"required\":true,\"sortNum\":2,\"title\":\"测试评分2\",\"updateBy\":\"admin\",\"updateTime\":\"2026-06-25 15:19:08\"}],\"orderId\":2070044099791073281,\"persons\":[{\"createBy\":\"admin\",\"createTime\":\"2026-06-25 16:33:47.95\",\"department\":\"部门2\",\"name\":\"姓名2\",\"orderId\":2070044099791073281,\"personId\":2070062891665510402,\"updateBy\":\"admin\",\"updateTime\":\"2026-06-25 16:33:47.95\"},{\"createBy\":\"admin\",\"createTime\":\"2026-06-25 16:33:47.951\",\"department\":\"部门3\",\"name\":\"姓名3\",\"orderId\":2070044099791073281,\"personId\":2070062891665510403,\"updateBy\":\"admin\",\"updateTime\":\"2026-06-25 16:33:47.951\"}],\"status\":0,\"type\":0,\"updateBy\":\"admin\",\"updateTime\":\"2026-06-25 15:19:08\"}',NULL,1,'java.lang.NullPointerException\r\n	at com.ruoyi.touki.service.impl.EvaluateOrderServiceImpl.updateOrder(EvaluateOrderServiceImpl.java:178)\r\n	at com.ruoyi.touki.service.impl.EvaluateOrderServiceImpl$$FastClassBySpringCGLIB$$736feb00.invoke(<generated>)\r\n	at org.springframework.cglib.proxy.MethodProxy.invoke(MethodProxy.java:218)\r\n	at org.springframework.aop.framework.CglibAopProxy$CglibMethodInvocation.invokeJoinpoint(CglibAopProxy.java:792)\r\n	at org.springframework.aop.framework.ReflectiveMethodInvocation.proceed(ReflectiveMethodInvocation.java:163)\r\n	at org.springframework.aop.framework.CglibAopProxy$CglibMethodInvocation.proceed(CglibAopProxy.java:762)\r\n	at org.springframework.transaction.interceptor.TransactionInterceptor$1.proceedWithInvocation(TransactionInterceptor.java:123)\r\n	at org.springframework.transaction.interceptor.TransactionAspectSupport.invokeWithinTransaction(TransactionAspectSupport.java:388)\r\n	at org.springframework.transaction.interceptor.TransactionInterceptor.invoke(TransactionInterceptor.java:119)\r\n	at org.springframework.aop.framework.ReflectiveMethodInvocation.proceed(ReflectiveMethodInvocation.java:186)\r\n	at org.springframework.aop.framework.CglibAopProxy$CglibMethodInvocation.proceed(CglibAopProxy.java:762)\r\n	at org.springframework.aop.framework.CglibAopProxy$DynamicAdvisedInterceptor.intercept(CglibAopProxy.java:707)\r\n	at com.ruoyi.touki.service.impl.EvaluateOrderServiceImpl$$EnhancerBySpringCGLIB$$9248494f.updateOrder(<generated>)\r\n	at com.ruoyi.touki.controller.EvaluateOrderController.update(EvaluateOrderController.java:62)\r\n	at com.ruoyi.touki.controller.EvaluateOrderController$$FastClassBySpringCGLIB$$e77cb3d4.invoke(<generated>)\r\n	at org.springframework.cglib.proxy.MethodProxy.invoke(MethodProxy.java:218)\r\n	at org.springframework.aop.framework.CglibAopProxy$CglibMethodInvocation.invokeJoinpoint(CglibAopProxy.java:792)\r\n	at org.springframework.aop.framework.ReflectiveMethodInvocation.proceed(ReflectiveMethodInvocation.java:163)\r\n	at or','2026-06-25 16:33:48',69),(285,'评议单管理',2,'com.ruoyi.touki.controller.EvaluateOrderController.update()','POST',1,'admin','成都房建公寓段','/evaluate/order/update','127.0.0.1','内网IP','{\"createBy\":\"admin\",\"createTime\":\"2026-06-25 15:19:08\",\"deadline\":\"2026-06-24\",\"deleted\":false,\"evaluateName\":\"测试事项名称\",\"intermediateCode\":\"EU6WTW\",\"items\":[{\"createBy\":\"admin\",\"createTime\":\"2026-06-25 15:19:08\",\"deleted\":false,\"itemId\":2070044099853987841,\"itemType\":3,\"orderId\":2070044099791073281,\"required\":true,\"sortNum\":1,\"title\":\"测试评分1\",\"updateBy\":\"admin\",\"updateTime\":\"2026-06-25 15:19:08\"},{\"createBy\":\"admin\",\"createTime\":\"2026-06-25 15:19:08\",\"deleted\":false,\"itemId\":2070044099853987842,\"itemType\":3,\"orderId\":2070044099791073281,\"required\":true,\"sortNum\":2,\"title\":\"测试评分2\",\"updateBy\":\"admin\",\"updateTime\":\"2026-06-25 15:19:08\"}],\"orderId\":2070044099791073281,\"persons\":[{\"createBy\":\"admin\",\"createTime\":\"2026-06-25 16:34:08.827\",\"department\":\"部门2\",\"name\":\"姓名2\",\"orderId\":2070044099791073281,\"personId\":2070062979213217793,\"updateBy\":\"admin\",\"updateTime\":\"2026-06-25 16:34:08.827\"},{\"createBy\":\"admin\",\"createTime\":\"2026-06-25 16:34:08.827\",\"department\":\"部门3\",\"name\":\"姓名3\",\"orderId\":2070044099791073281,\"personId\":2070062979280326658,\"updateBy\":\"admin\",\"updateTime\":\"2026-06-25 16:34:08.827\"}],\"status\":0,\"type\":0,\"updateBy\":\"admin\",\"updateTime\":\"2026-06-25 15:19:08\"}',NULL,1,'java.lang.NullPointerException\r\n	at com.ruoyi.touki.service.impl.EvaluateOrderServiceImpl.updateOrder(EvaluateOrderServiceImpl.java:178)\r\n	at com.ruoyi.touki.service.impl.EvaluateOrderServiceImpl$$FastClassBySpringCGLIB$$736feb00.invoke(<generated>)\r\n	at org.springframework.cglib.proxy.MethodProxy.invoke(MethodProxy.java:218)\r\n	at org.springframework.aop.framework.CglibAopProxy$CglibMethodInvocation.invokeJoinpoint(CglibAopProxy.java:792)\r\n	at org.springframework.aop.framework.ReflectiveMethodInvocation.proceed(ReflectiveMethodInvocation.java:163)\r\n	at org.springframework.aop.framework.CglibAopProxy$CglibMethodInvocation.proceed(CglibAopProxy.java:762)\r\n	at org.springframework.transaction.interceptor.TransactionInterceptor$1.proceedWithInvocation(TransactionInterceptor.java:123)\r\n	at org.springframework.transaction.interceptor.TransactionAspectSupport.invokeWithinTransaction(TransactionAspectSupport.java:388)\r\n	at org.springframework.transaction.interceptor.TransactionInterceptor.invoke(TransactionInterceptor.java:119)\r\n	at org.springframework.aop.framework.ReflectiveMethodInvocation.proceed(ReflectiveMethodInvocation.java:186)\r\n	at org.springframework.aop.framework.CglibAopProxy$CglibMethodInvocation.proceed(CglibAopProxy.java:762)\r\n	at org.springframework.aop.framework.CglibAopProxy$DynamicAdvisedInterceptor.intercept(CglibAopProxy.java:707)\r\n	at com.ruoyi.touki.service.impl.EvaluateOrderServiceImpl$$EnhancerBySpringCGLIB$$9248494f.updateOrder(<generated>)\r\n	at com.ruoyi.touki.controller.EvaluateOrderController.update(EvaluateOrderController.java:62)\r\n	at com.ruoyi.touki.controller.EvaluateOrderController$$FastClassBySpringCGLIB$$e77cb3d4.invoke(<generated>)\r\n	at org.springframework.cglib.proxy.MethodProxy.invoke(MethodProxy.java:218)\r\n	at org.springframework.aop.framework.CglibAopProxy$CglibMethodInvocation.invokeJoinpoint(CglibAopProxy.java:792)\r\n	at org.springframework.aop.framework.ReflectiveMethodInvocation.proceed(ReflectiveMethodInvocation.java:163)\r\n	at or','2026-06-25 16:34:34',25753),(286,'评议单管理',2,'com.ruoyi.touki.controller.EvaluateOrderController.update()','POST',1,'admin','成都房建公寓段','/evaluate/order/update','127.0.0.1','内网IP','{\"createBy\":\"admin\",\"createTime\":\"2026-06-25 15:19:08\",\"deadline\":\"2026-06-24\",\"deleted\":false,\"evaluateName\":\"测试事项名称\",\"intermediateCode\":\"EU6WTW\",\"items\":[{\"createBy\":\"admin\",\"createTime\":\"2026-06-25 15:19:08\",\"deleted\":false,\"itemId\":2070044099853987841,\"itemType\":3,\"orderId\":2070044099791073281,\"required\":true,\"sortNum\":1,\"title\":\"测试评分1\",\"updateBy\":\"admin\",\"updateTime\":\"2026-06-25 15:19:08\"},{\"createBy\":\"admin\",\"createTime\":\"2026-06-25 15:19:08\",\"deleted\":false,\"itemId\":2070044099853987842,\"itemType\":3,\"orderId\":2070044099791073281,\"required\":true,\"sortNum\":2,\"title\":\"测试评分2\",\"updateBy\":\"admin\",\"updateTime\":\"2026-06-25 15:19:08\"}],\"orderId\":2070044099791073281,\"persons\":[{\"createBy\":\"admin\",\"createTime\":\"2026-06-25 16:35:41.891\",\"department\":\"部门2\",\"name\":\"姓名2\",\"orderId\":2070044099791073281,\"personId\":2070063369585479681,\"updateBy\":\"admin\",\"updateTime\":\"2026-06-25 16:35:41.891\"},{\"createBy\":\"admin\",\"createTime\":\"2026-06-25 16:35:41.891\",\"department\":\"部门3\",\"name\":\"姓名3\",\"orderId\":2070044099791073281,\"personId\":2070063369585479682,\"updateBy\":\"admin\",\"updateTime\":\"2026-06-25 16:35:41.891\"}],\"status\":0,\"type\":0,\"updateBy\":\"admin\",\"updateTime\":\"2026-06-25 15:19:08\"}',NULL,1,'java.lang.NullPointerException\r\n	at com.ruoyi.touki.service.impl.EvaluateOrderServiceImpl.lambda$updateOrder$8(EvaluateOrderServiceImpl.java:188)\r\n	at java.util.stream.ReferencePipeline$7$1.accept(ReferencePipeline.java:267)\r\n	at java.util.ArrayList$ArrayListSpliterator.forEachRemaining(ArrayList.java:1384)\r\n	at java.util.stream.AbstractPipeline.copyInto(AbstractPipeline.java:482)\r\n	at java.util.stream.AbstractPipeline.wrapAndCopyInto(AbstractPipeline.java:472)\r\n	at java.util.stream.ReduceOps$ReduceOp.evaluateSequential(ReduceOps.java:708)\r\n	at java.util.stream.AbstractPipeline.evaluate(AbstractPipeline.java:234)\r\n	at java.util.stream.ReferencePipeline.collect(ReferencePipeline.java:499)\r\n	at com.ruoyi.touki.service.impl.EvaluateOrderServiceImpl.updateOrder(EvaluateOrderServiceImpl.java:188)\r\n	at com.ruoyi.touki.service.impl.EvaluateOrderServiceImpl$$FastClassBySpringCGLIB$$736feb00.invoke(<generated>)\r\n	at org.springframework.cglib.proxy.MethodProxy.invoke(MethodProxy.java:218)\r\n	at org.springframework.aop.framework.CglibAopProxy$CglibMethodInvocation.invokeJoinpoint(CglibAopProxy.java:792)\r\n	at org.springframework.aop.framework.ReflectiveMethodInvocation.proceed(ReflectiveMethodInvocation.java:163)\r\n	at org.springframework.aop.framework.CglibAopProxy$CglibMethodInvocation.proceed(CglibAopProxy.java:762)\r\n	at org.springframework.transaction.interceptor.TransactionInterceptor$1.proceedWithInvocation(TransactionInterceptor.java:123)\r\n	at org.springframework.transaction.interceptor.TransactionAspectSupport.invokeWithinTransaction(TransactionAspectSupport.java:388)\r\n	at org.springframework.transaction.interceptor.TransactionInterceptor.invoke(TransactionInterceptor.java:119)\r\n	at org.springframework.aop.framework.ReflectiveMethodInvocation.proceed(ReflectiveMethodInvocation.java:186)\r\n	at org.springframework.aop.framework.CglibAopProxy$CglibMethodInvocation.proceed(CglibAopProxy.java:762)\r\n	at org.springframework.aop.framework.CglibAopProxy$DynamicAdvisedInterceptor.in','2026-06-25 16:35:41',67),(287,'评议单管理',2,'com.ruoyi.touki.controller.EvaluateOrderController.update()','POST',1,'admin','成都房建公寓段','/evaluate/order/update','127.0.0.1','内网IP','{\"createBy\":\"admin\",\"createTime\":\"2026-06-25 15:19:08\",\"deadline\":\"2026-06-24\",\"deleted\":false,\"evaluateName\":\"测试事项名称\",\"intermediateCode\":\"EU6WTW\",\"items\":[{\"createBy\":\"admin\",\"createTime\":\"2026-06-25 15:19:08\",\"deleted\":false,\"itemId\":2070044099853987841,\"itemType\":3,\"orderId\":2070044099791073281,\"required\":true,\"sortNum\":1,\"title\":\"测试评分1\",\"updateBy\":\"admin\",\"updateTime\":\"2026-06-25 15:19:08\"},{\"createBy\":\"admin\",\"createTime\":\"2026-06-25 15:19:08\",\"deleted\":false,\"itemId\":2070044099853987842,\"itemType\":3,\"orderId\":2070044099791073281,\"required\":true,\"sortNum\":2,\"title\":\"测试评分2\",\"updateBy\":\"admin\",\"updateTime\":\"2026-06-25 15:19:08\"}],\"orderId\":2070044099791073281,\"persons\":[{\"createBy\":\"admin\",\"createTime\":\"2026-06-25 16:37:15.124\",\"department\":\"部门2\",\"name\":\"姓名2\",\"orderId\":2070044099791073281,\"personId\":2070063760645607425,\"updateBy\":\"admin\",\"updateTime\":\"2026-06-25 16:37:15.124\"},{\"createBy\":\"admin\",\"createTime\":\"2026-06-25 16:37:15.125\",\"department\":\"部门3\",\"name\":\"姓名3\",\"orderId\":2070044099791073281,\"personId\":2070063760645607426,\"updateBy\":\"admin\",\"updateTime\":\"2026-06-25 16:37:15.125\"}],\"status\":0,\"type\":0,\"updateBy\":\"admin\",\"updateTime\":\"2026-06-25 15:19:08\"}','{\"msg\":\"操作成功\",\"code\":200}',0,NULL,'2026-06-25 16:37:15',67),(288,'评议单管理',10,'com.ruoyi.touki.controller.EvaluateOrderController.publish()','POST',1,'admin','成都房建公寓段','/evaluate/order/publish','127.0.0.1','内网IP','{\"orderId\":\"2070044099791073281\"}','{\"msg\":\"操作成功\",\"code\":200}',0,NULL,'2026-06-25 16:37:34',10),(289,'菜单管理',2,'com.ruoyi.web.controller.system.SysMenuController.edit()','PUT',1,'admin','成都房建公寓段','/system/menu','127.0.0.1','内网IP','{\"children\":[],\"component\":\"evaluate/answer/index\",\"createTime\":\"2026-06-22 16:19:47\",\"icon\":\"education\",\"isCache\":\"0\",\"isFrame\":\"1\",\"menuId\":2002,\"menuName\":\"评议收集\",\"menuType\":\"C\",\"orderNum\":2,\"params\":{},\"parentId\":2000,\"path\":\"index\",\"perms\":\"\",\"routeName\":\"answer\",\"status\":\"0\",\"updateBy\":\"admin\",\"visible\":\"0\"}','{\"msg\":\"操作成功\",\"code\":200}',0,NULL,'2026-06-25 16:50:31',12),(290,'菜单管理',2,'com.ruoyi.web.controller.system.SysMenuController.edit()','PUT',1,'admin','成都房建公寓段','/system/menu','127.0.0.1','内网IP','{\"children\":[],\"component\":\"evaluate/answer/index\",\"createTime\":\"2026-06-22 16:19:47\",\"icon\":\"education\",\"isCache\":\"0\",\"isFrame\":\"1\",\"menuId\":2002,\"menuName\":\"评议收集\",\"menuType\":\"C\",\"orderNum\":2,\"params\":{},\"parentId\":2000,\"path\":\"answer\",\"perms\":\"\",\"routeName\":\"answer\",\"status\":\"0\",\"updateBy\":\"admin\",\"visible\":\"0\"}','{\"msg\":\"操作成功\",\"code\":200}',0,NULL,'2026-06-25 16:51:23',6),(291,'提交评议答案',1,'com.ruoyi.touki.controller.EvaluateExecutionController.submitAnswer()','POST',1,'admin','成都房建公寓段','/evaluate/execution/submitAnswer','127.0.0.1','内网IP','{\"answers\":[{\"content\":\"1\",\"itemId\":2070044099853987841},{\"content\":\"1\",\"itemId\":2070044099853987842}],\"orderId\":2070044099791073281}',NULL,1,'\r\n### Error updating database.  Cause: java.sql.SQLException: Field \'intermediate_code\' doesn\'t have a default value\r\n### The error may exist in com/ruoyi/touki/mapper/EvaluateReceiptMapper.java (best guess)\r\n### The error may involve com.ruoyi.touki.mapper.EvaluateReceiptMapper.insert-Inline\r\n### The error occurred while setting parameters\r\n### SQL: INSERT INTO evaluate_receipt  ( receipt_id, order_id,    create_by, create_time, update_by, update_time )  VALUES  ( ?, ?,    ?, ?, ?, ? )\r\n### Cause: java.sql.SQLException: Field \'intermediate_code\' doesn\'t have a default value\n; Field \'intermediate_code\' doesn\'t have a default value; nested exception is java.sql.SQLException: Field \'intermediate_code\' doesn\'t have a default value','2026-06-26 09:05:28',141),(292,'提交评议答案',1,'com.ruoyi.touki.controller.EvaluateExecutionController.submitAnswer()','POST',1,'admin','成都房建公寓段','/evaluate/execution/submitAnswer','127.0.0.1','内网IP','{\"answers\":[{\"content\":\"1\",\"itemId\":2070044099853987841},{\"content\":\"1\",\"itemId\":2070044099853987842}],\"orderId\":2070044099791073281}',NULL,1,'\r\n### Error updating database.  Cause: java.sql.SQLException: Field \'intermediate_code\' doesn\'t have a default value\r\n### The error may exist in com/ruoyi/touki/mapper/EvaluateReceiptMapper.java (best guess)\r\n### The error may involve com.ruoyi.touki.mapper.EvaluateReceiptMapper.insert-Inline\r\n### The error occurred while setting parameters\r\n### SQL: INSERT INTO evaluate_receipt  ( receipt_id, order_id,    create_by, create_time, update_by, update_time )  VALUES  ( ?, ?,    ?, ?, ?, ? )\r\n### Cause: java.sql.SQLException: Field \'intermediate_code\' doesn\'t have a default value\n; Field \'intermediate_code\' doesn\'t have a default value; nested exception is java.sql.SQLException: Field \'intermediate_code\' doesn\'t have a default value','2026-06-26 09:24:27',35),(293,'提交评议答案',1,'com.ruoyi.touki.controller.EvaluateExecutionController.submitAnswer()','POST',1,'admin','成都房建公寓段','/evaluate/execution/submitAnswer','127.0.0.1','内网IP','{\"answers\":[{\"answerId\":2071410454828404737,\"content\":\"2\",\"createBy\":\"admin\",\"createTime\":\"2026-06-29 09:48:32.033\",\"itemId\":2070044099853987841,\"personId\":2070063760645607425,\"receiptId\":2071410454769684481,\"updateBy\":\"admin\",\"updateTime\":\"2026-06-29 09:48:32.033\"},{\"answerId\":2071410454828404738,\"content\":\"1\",\"createBy\":\"admin\",\"createTime\":\"2026-06-29 09:48:32.036\",\"itemId\":2070044099853987842,\"personId\":2070063760645607425,\"receiptId\":2071410454769684481,\"updateBy\":\"admin\",\"updateTime\":\"2026-06-29 09:48:32.036\"},{\"answerId\":2071410454828404739,\"content\":\"34\",\"createBy\":\"admin\",\"createTime\":\"2026-06-29 09:48:32.037\",\"itemId\":2070044099853987841,\"personId\":2070063760645607426,\"receiptId\":2071410454769684481,\"updateBy\":\"admin\",\"updateTime\":\"2026-06-29 09:48:32.037\"},{\"answerId\":2071410454828404740,\"content\":\"32\",\"createBy\":\"admin\",\"createTime\":\"2026-06-29 09:48:32.038\",\"itemId\":2070044099853987842,\"personId\":2070063760645607426,\"receiptId\":2071410454769684481,\"updateBy\":\"admin\",\"updateTime\":\"2026-06-29 09:48:32.038\"}],\"intermediateCode\":\"EU6WTW\",\"orderId\":2070044099791073281,\"randomCode\":\"D9GO2C\"}',NULL,1,'com.ruoyi.touki.mapper.EvaluateAnswerMapper.insert (batch index #1) failed. Cause: java.sql.BatchUpdateException: Unknown column \'person_id\' in \'field list\'\n; bad SQL grammar []; nested exception is java.sql.BatchUpdateException: Unknown column \'person_id\' in \'field list\'','2026-06-29 09:48:32',148),(294,'提交评议答案',1,'com.ruoyi.touki.controller.EvaluateExecutionController.submitAnswer()','POST',1,'admin','成都房建公寓段','/evaluate/execution/submitAnswer','127.0.0.1','内网IP','{\"answers\":[{\"answerId\":2071410789621944323,\"content\":\"2\",\"createBy\":\"admin\",\"createTime\":\"2026-06-29 09:49:51.86\",\"itemId\":2070044099853987841,\"personId\":2070063760645607425,\"receiptId\":2071410789621944322,\"updateBy\":\"admin\",\"updateTime\":\"2026-06-29 09:49:51.86\"},{\"answerId\":2071410789621944324,\"content\":\"1\",\"createBy\":\"admin\",\"createTime\":\"2026-06-29 09:49:51.862\",\"itemId\":2070044099853987842,\"personId\":2070063760645607425,\"receiptId\":2071410789621944322,\"updateBy\":\"admin\",\"updateTime\":\"2026-06-29 09:49:51.862\"},{\"answerId\":2071410789621944325,\"content\":\"34\",\"createBy\":\"admin\",\"createTime\":\"2026-06-29 09:49:51.863\",\"itemId\":2070044099853987841,\"personId\":2070063760645607426,\"receiptId\":2071410789621944322,\"updateBy\":\"admin\",\"updateTime\":\"2026-06-29 09:49:51.863\"},{\"answerId\":2071410789621944326,\"content\":\"32\",\"createBy\":\"admin\",\"createTime\":\"2026-06-29 09:49:51.864\",\"itemId\":2070044099853987842,\"personId\":2070063760645607426,\"receiptId\":2071410789621944322,\"updateBy\":\"admin\",\"updateTime\":\"2026-06-29 09:49:51.865\"}],\"intermediateCode\":\"EU6WTW\",\"orderId\":2070044099791073281,\"randomCode\":\"D9GO2C\"}',NULL,1,'com.ruoyi.touki.mapper.EvaluateAnswerMapper.insert (batch index #1) failed. Cause: java.sql.BatchUpdateException: Field \'item_type\' doesn\'t have a default value\n; Field \'item_type\' doesn\'t have a default value; nested exception is java.sql.BatchUpdateException: Field \'item_type\' doesn\'t have a default value','2026-06-29 09:49:51',20),(295,'提交评议答案',1,'com.ruoyi.touki.controller.EvaluateExecutionController.submitAnswer()','POST',1,'admin','成都房建公寓段','/evaluate/execution/submitAnswer','127.0.0.1','内网IP','{\"answers\":[{\"answerId\":2071411155906318338,\"content\":\"2\",\"createBy\":\"admin\",\"createTime\":\"2026-06-29 09:51:19.183\",\"itemId\":2070044099853987841,\"personId\":2070063760645607425,\"receiptId\":2071411155889541122,\"updateBy\":\"admin\",\"updateTime\":\"2026-06-29 09:51:19.183\"},{\"answerId\":2071411155910512642,\"content\":\"1\",\"createBy\":\"admin\",\"createTime\":\"2026-06-29 09:51:19.184\",\"itemId\":2070044099853987842,\"personId\":2070063760645607425,\"receiptId\":2071411155889541122,\"updateBy\":\"admin\",\"updateTime\":\"2026-06-29 09:51:19.184\"},{\"answerId\":2071411155910512643,\"content\":\"34\",\"createBy\":\"admin\",\"createTime\":\"2026-06-29 09:51:19.184\",\"itemId\":2070044099853987841,\"personId\":2070063760645607426,\"receiptId\":2071411155889541122,\"updateBy\":\"admin\",\"updateTime\":\"2026-06-29 09:51:19.184\"},{\"answerId\":2071411155914706945,\"content\":\"32\",\"createBy\":\"admin\",\"createTime\":\"2026-06-29 09:51:19.185\",\"itemId\":2070044099853987842,\"personId\":2070063760645607426,\"receiptId\":2071411155889541122,\"updateBy\":\"admin\",\"updateTime\":\"2026-06-29 09:51:19.185\"}],\"intermediateCode\":\"EU6WTW\",\"orderId\":2070044099791073281,\"randomCode\":\"D9GO2C\"}',NULL,1,'com.ruoyi.touki.mapper.EvaluateAnswerMapper.insert (batch index #1) failed. Cause: java.sql.BatchUpdateException: Field \'item_type\' doesn\'t have a default value\n; Field \'item_type\' doesn\'t have a default value; nested exception is java.sql.BatchUpdateException: Field \'item_type\' doesn\'t have a default value','2026-06-29 09:51:19',49941),(296,'提交评议答案',1,'com.ruoyi.touki.controller.EvaluateExecutionController.submitAnswer()','POST',1,'admin','成都房建公寓段','/evaluate/execution/submitAnswer','127.0.0.1','内网IP','{\"answers\":[{\"answerId\":2071411419551858689,\"content\":\"2\",\"createBy\":\"admin\",\"createTime\":\"2026-06-29 09:52:22.05\",\"itemId\":2070044099853987841,\"itemType\":3,\"personId\":2070063760645607425,\"receiptId\":2071411419400863745,\"updateBy\":\"admin\",\"updateTime\":\"2026-06-29 09:52:22.05\"},{\"answerId\":2071411419551858690,\"content\":\"1\",\"createBy\":\"admin\",\"createTime\":\"2026-06-29 09:52:22.053\",\"itemId\":2070044099853987842,\"itemType\":3,\"personId\":2070063760645607425,\"receiptId\":2071411419400863745,\"updateBy\":\"admin\",\"updateTime\":\"2026-06-29 09:52:22.053\"},{\"answerId\":2071411419551858691,\"content\":\"34\",\"createBy\":\"admin\",\"createTime\":\"2026-06-29 09:52:22.053\",\"itemId\":2070044099853987841,\"itemType\":3,\"personId\":2070063760645607426,\"receiptId\":2071411419400863745,\"updateBy\":\"admin\",\"updateTime\":\"2026-06-29 09:52:22.053\"},{\"answerId\":2071411419551858692,\"content\":\"32\",\"createBy\":\"admin\",\"createTime\":\"2026-06-29 09:52:22.054\",\"itemId\":2070044099853987842,\"itemType\":3,\"personId\":2070063760645607426,\"receiptId\":2071411419400863745,\"updateBy\":\"admin\",\"updateTime\":\"2026-06-29 09:52:22.054\"}],\"intermediateCode\":\"EU6WTW\",\"orderId\":2070044099791073281,\"randomCode\":\"D9GO2C\"}','{\"msg\":\"操作成功\",\"code\":200}',0,NULL,'2026-06-29 09:52:22',115),(297,'菜单管理',2,'com.ruoyi.web.controller.system.SysMenuController.edit()','PUT',1,'admin','成都房建公寓段','/system/menu','127.0.0.1','内网IP','{\"children\":[],\"component\":\"evaluate/answer/index\",\"createTime\":\"2026-06-22 16:19:47\",\"icon\":\"education\",\"isCache\":\"0\",\"isFrame\":\"1\",\"menuId\":2002,\"menuName\":\"评议收集\",\"menuType\":\"C\",\"orderNum\":2,\"params\":{},\"parentId\":2000,\"path\":\"answer\",\"perms\":\"\",\"routeName\":\"answer\",\"status\":\"1\",\"updateBy\":\"admin\",\"visible\":\"0\"}','{\"msg\":\"操作成功\",\"code\":200}',0,NULL,'2026-06-29 14:42:38',16),(298,'菜单管理',3,'com.ruoyi.web.controller.system.SysMenuController.remove()','DELETE',1,'admin','成都房建公寓段','/system/menu/2002','127.0.0.1','内网IP','2002','{\"msg\":\"操作成功\",\"code\":200}',0,NULL,'2026-06-29 14:45:41',36),(299,'提交评议答案',1,'com.ruoyi.touki.controller.EvaluateExecutionController.submitAnswer()','POST',1,'admin','成都房建公寓段','/evaluate/execution/submitAnswer','127.0.0.1','内网IP','{\"answers\":[{\"answerId\":2071488786316099587,\"content\":\"100\",\"createBy\":\"admin\",\"createTime\":\"2026-06-29 14:59:47.723\",\"itemId\":2070044255592689668,\"itemType\":3,\"personId\":2070044255592689667,\"receiptId\":2071488786316099586,\"updateBy\":\"admin\",\"updateTime\":\"2026-06-29 14:59:47.723\"},{\"answerId\":2071488786316099588,\"content\":\"100\",\"createBy\":\"admin\",\"createTime\":\"2026-06-29 14:59:47.724\",\"itemId\":2070044255592689669,\"itemType\":3,\"personId\":2070044255592689667,\"receiptId\":2071488786316099586,\"updateBy\":\"admin\",\"updateTime\":\"2026-06-29 14:59:47.724\"}],\"intermediateCode\":\"X4JKE3\",\"orderId\":2070044255592689666,\"randomCode\":\"DUJ2HL\"}','{\"msg\":\"操作成功\",\"code\":200}',0,NULL,'2026-06-29 14:59:47',22),(300,'评议单管理',10,'com.ruoyi.touki.controller.EvaluateOrderController.publish()','POST',1,'admin','成都房建公寓段','/evaluate/order/publish','127.0.0.1','内网IP','{\"orderId\":\"2070044255592689666\"}','{\"msg\":\"操作成功\",\"code\":200}',0,NULL,'2026-06-29 15:06:08',24),(301,'评议答案管理',5,'com.ruoyi.touki.controller.EvaluateReceiptController.export()','POST',1,'admin','成都房建公寓段','/evaluate/receipt/export','127.0.0.1','内网IP','{\"intermediateCode\":\"X4JKE3\",\"pageSize\":\"10\",\"pageNum\":\"1\"}',NULL,0,NULL,'2026-06-29 15:37:02',9),(302,'评议答案管理',5,'com.ruoyi.touki.controller.EvaluateReceiptController.export()','POST',1,'admin','成都房建公寓段','/evaluate/receipt/export','127.0.0.1','内网IP','{\"intermediateCode\":\"EU6WTW\",\"pageSize\":\"10\",\"pageNum\":\"1\"}',NULL,0,NULL,'2026-06-29 18:32:00',2091),(303,'提交评议答案',1,'com.ruoyi.touki.controller.EvaluateExecutionController.submitAnswer()','POST',1,'admin','成都房建公寓段','/evaluate/execution/submitAnswer','127.0.0.1','内网IP','{\"answers\":[{\"answerId\":2071543319360577538,\"content\":\"12\",\"createBy\":\"admin\",\"createTime\":\"2026-06-29 18:36:29.413\",\"itemId\":2070044099853987841,\"itemType\":3,\"personId\":2070063760645607425,\"receiptId\":2071543319322828801,\"updateBy\":\"admin\",\"updateTime\":\"2026-06-29 18:36:29.413\"},{\"answerId\":2071543319360577539,\"content\":\"12\",\"createBy\":\"admin\",\"createTime\":\"2026-06-29 18:36:29.417\",\"itemId\":2070044099853987842,\"itemType\":3,\"personId\":2070063760645607425,\"receiptId\":2071543319322828801,\"updateBy\":\"admin\",\"updateTime\":\"2026-06-29 18:36:29.417\"},{\"answerId\":2071543319360577540,\"content\":\"23\",\"createBy\":\"admin\",\"createTime\":\"2026-06-29 18:36:29.418\",\"itemId\":2070044099853987841,\"itemType\":3,\"personId\":2070063760645607426,\"receiptId\":2071543319322828801,\"updateBy\":\"admin\",\"updateTime\":\"2026-06-29 18:36:29.418\"},{\"answerId\":2071543319360577541,\"content\":\"23\",\"createBy\":\"admin\",\"createTime\":\"2026-06-29 18:36:29.418\",\"itemId\":2070044099853987842,\"itemType\":3,\"personId\":2070063760645607426,\"receiptId\":2071543319322828801,\"updateBy\":\"admin\",\"updateTime\":\"2026-06-29 18:36:29.418\"}],\"intermediateCode\":\"EU6WTW\",\"orderId\":2070044099791073281,\"randomCode\":\"D9GO2C\"}','{\"msg\":\"操作成功\",\"code\":200}',0,NULL,'2026-06-29 18:36:29',87),(304,'评议答案管理',5,'com.ruoyi.touki.controller.EvaluateReceiptController.export()','POST',1,'admin','成都房建公寓段','/evaluate/receipt/export','127.0.0.1','内网IP','{\"intermediateCode\":\"EU6WTW\",\"pageSize\":\"10\",\"pageNum\":\"1\"}',NULL,0,NULL,'2026-06-29 18:37:04',60),(305,'评议单管理',1,'com.ruoyi.touki.controller.EvaluateOrderController.add()','POST',1,'admin','成都房建公寓段','/evaluate/order/add','127.0.0.1','内网IP','{\"deadline\":\"2026-06-26\",\"evaluateName\":\"测试问卷\",\"items\":[{\"itemType\":0,\"options\":[{\"createBy\":\"admin\",\"createTime\":\"2026-06-29 18:54:31.567\",\"itemId\":2071547858201591810,\"optionCode\":\"A\",\"optionContent\":\"aaa\",\"optionId\":2071547858264506370,\"orderId\":2071547857815715842,\"sortNum\":1,\"updateBy\":\"admin\",\"updateTime\":\"2026-06-29 18:54:31.567\"},{\"createBy\":\"admin\",\"createTime\":\"2026-06-29 18:54:31.569\",\"itemId\":2071547858201591810,\"optionCode\":\"B\",\"optionContent\":\"bbb\",\"optionId\":2071547858264506371,\"orderId\":2071547857815715842,\"sortNum\":2,\"updateBy\":\"admin\",\"updateTime\":\"2026-06-29 18:54:31.569\"},{\"createBy\":\"admin\",\"createTime\":\"2026-06-29 18:54:31.57\",\"itemId\":2071547858201591810,\"optionCode\":\"C\",\"optionContent\":\"ccc\",\"optionId\":2071547858264506372,\"orderId\":2071547857815715842,\"sortNum\":3,\"updateBy\":\"admin\",\"updateTime\":\"2026-06-29 18:54:31.57\"}],\"required\":true,\"sortNum\":1,\"title\":\"测试单选\"},{\"itemType\":1,\"options\":[{\"createBy\":\"admin\",\"createTime\":\"2026-06-29 18:54:31.57\",\"itemId\":2071547858201591811,\"optionCode\":\"A\",\"optionContent\":\"啊啊啊11\",\"optionId\":2071547858264506373,\"orderId\":2071547857815715842,\"sortNum\":1,\"updateBy\":\"admin\",\"updateTime\":\"2026-06-29 18:54:31.57\"},{\"createBy\":\"admin\",\"createTime\":\"2026-06-29 18:54:31.571\",\"itemId\":2071547858201591811,\"optionCode\":\"B\",\"optionContent\":\"啵啵啵22\",\"optionId\":2071547858264506374,\"orderId\":2071547857815715842,\"sortNum\":2,\"updateBy\":\"admin\",\"updateTime\":\"2026-06-29 18:54:31.571\"},{\"createBy\":\"admin\",\"createTime\":\"2026-06-29 18:54:31.572\",\"itemId\":2071547858201591811,\"optionCode\":\"C\",\"optionContent\":\"擦擦擦33\",\"optionId\":2071547858264506375,\"orderId\":2071547857815715842,\"sortNum\":3,\"updateBy\":\"admin\",\"updateTime\":\"2026-06-29 18:54:31.572\"}],\"required\":true,\"sortNum\":2,\"title\":\"测试多选\"},{\"itemType\":2,\"options\":[],\"required\":true,\"sortNum\":3,\"title\":\"测试填空\"},{\"itemType\":3,\"options\":[],\"required\":true,\"sortNum\":4,\"title\":\"测试打分\"}],\"persons\":[{\"createBy\":\"admin\",\"createTime\":\"2026-06-29 18:54:31.537\",\"department\":\"安调中心\",\"name\":\"张三\",\"or','{\"msg\":\"操作成功\",\"code\":200}',0,NULL,'2026-06-29 18:54:31',177),(306,'评议单管理',10,'com.ruoyi.touki.controller.EvaluateOrderController.publish()','POST',1,'admin','成都房建公寓段','/evaluate/order/publish','127.0.0.1','内网IP','{\"orderId\":\"2071547857815715842\"}','{\"msg\":\"操作成功\",\"code\":200}',0,NULL,'2026-06-29 18:54:44',49),(307,'提交评议答案',1,'com.ruoyi.touki.controller.EvaluateExecutionController.submitAnswer()','POST',1,'admin','成都房建公寓段','/evaluate/execution/submitAnswer','127.0.0.1','内网IP','{\"answers\":[{\"answerId\":2071548149747662850,\"content\":\"B\",\"createBy\":\"admin\",\"createTime\":\"2026-06-29 18:55:41.07\",\"itemId\":2071547858201591810,\"itemType\":0,\"personId\":2071547858142871554,\"receiptId\":2071548149684748290,\"updateBy\":\"admin\",\"updateTime\":\"2026-06-29 18:55:41.07\"},{\"answerId\":2071548149747662851,\"content\":\"A,B\",\"createBy\":\"admin\",\"createTime\":\"2026-06-29 18:55:41.071\",\"itemId\":2071547858201591811,\"itemType\":1,\"personId\":2071547858142871554,\"receiptId\":2071548149684748290,\"updateBy\":\"admin\",\"updateTime\":\"2026-06-29 18:55:41.071\"},{\"answerId\":2071548149747662852,\"content\":\"填空\",\"createBy\":\"admin\",\"createTime\":\"2026-06-29 18:55:41.072\",\"itemId\":2071547858201591812,\"itemType\":2,\"personId\":2071547858142871554,\"receiptId\":2071548149684748290,\"updateBy\":\"admin\",\"updateTime\":\"2026-06-29 18:55:41.072\"},{\"answerId\":2071548149747662853,\"content\":\"20\",\"createBy\":\"admin\",\"createTime\":\"2026-06-29 18:55:41.072\",\"itemId\":2071547858201591813,\"itemType\":3,\"personId\":2071547858142871554,\"receiptId\":2071548149684748290,\"updateBy\":\"admin\",\"updateTime\":\"2026-06-29 18:55:41.073\"},{\"answerId\":2071548149747662854,\"content\":\"C\",\"createBy\":\"admin\",\"createTime\":\"2026-06-29 18:55:41.073\",\"itemId\":2071547858201591810,\"itemType\":0,\"personId\":2071547858159648770,\"receiptId\":2071548149684748290,\"updateBy\":\"admin\",\"updateTime\":\"2026-06-29 18:55:41.073\"},{\"answerId\":2071548149747662855,\"content\":\"B,C\",\"createBy\":\"admin\",\"createTime\":\"2026-06-29 18:55:41.074\",\"itemId\":2071547858201591811,\"itemType\":1,\"personId\":2071547858159648770,\"receiptId\":2071548149684748290,\"updateBy\":\"admin\",\"updateTime\":\"2026-06-29 18:55:41.074\"},{\"answerId\":2071548149747662856,\"content\":\"1234\",\"createBy\":\"admin\",\"createTime\":\"2026-06-29 18:55:41.074\",\"itemId\":2071547858201591812,\"itemType\":2,\"personId\":2071547858159648770,\"receiptId\":2071548149684748290,\"updateBy\":\"admin\",\"updateTime\":\"2026-06-29 18:55:41.074\"},{\"answerId\":2071548149747662857,\"content\":\"12\",\"createBy\":\"admin\",\"createTime\":\"2026-06-29 18:55:41.075\",','{\"msg\":\"操作成功\",\"code\":200}',0,NULL,'2026-06-29 18:55:41',37),(308,'提交评议答案',1,'com.ruoyi.touki.controller.EvaluateExecutionController.submitAnswer()','POST',1,'admin','成都房建公寓段','/evaluate/execution/submitAnswer','127.0.0.1','内网IP','{\"answers\":[{\"answerId\":2071548268874285059,\"content\":\"B\",\"createBy\":\"admin\",\"createTime\":\"2026-06-29 18:56:09.475\",\"itemId\":2071547858201591810,\"itemType\":0,\"personId\":2071547858142871554,\"receiptId\":2071548268874285058,\"updateBy\":\"admin\",\"updateTime\":\"2026-06-29 18:56:09.475\"},{\"answerId\":2071548268874285060,\"content\":\"B\",\"createBy\":\"admin\",\"createTime\":\"2026-06-29 18:56:09.476\",\"itemId\":2071547858201591811,\"itemType\":1,\"personId\":2071547858142871554,\"receiptId\":2071548268874285058,\"updateBy\":\"admin\",\"updateTime\":\"2026-06-29 18:56:09.476\"},{\"answerId\":2071548268937199618,\"content\":\"1212314\",\"createBy\":\"admin\",\"createTime\":\"2026-06-29 18:56:09.477\",\"itemId\":2071547858201591812,\"itemType\":2,\"personId\":2071547858142871554,\"receiptId\":2071548268874285058,\"updateBy\":\"admin\",\"updateTime\":\"2026-06-29 18:56:09.477\"},{\"answerId\":2071548268937199619,\"content\":\"23\",\"createBy\":\"admin\",\"createTime\":\"2026-06-29 18:56:09.477\",\"itemId\":2071547858201591813,\"itemType\":3,\"personId\":2071547858142871554,\"receiptId\":2071548268874285058,\"updateBy\":\"admin\",\"updateTime\":\"2026-06-29 18:56:09.477\"},{\"answerId\":2071548268937199620,\"content\":\"C\",\"createBy\":\"admin\",\"createTime\":\"2026-06-29 18:56:09.478\",\"itemId\":2071547858201591810,\"itemType\":0,\"personId\":2071547858159648770,\"receiptId\":2071548268874285058,\"updateBy\":\"admin\",\"updateTime\":\"2026-06-29 18:56:09.478\"},{\"answerId\":2071548268937199621,\"content\":\"C\",\"createBy\":\"admin\",\"createTime\":\"2026-06-29 18:56:09.478\",\"itemId\":2071547858201591811,\"itemType\":1,\"personId\":2071547858159648770,\"receiptId\":2071548268874285058,\"updateBy\":\"admin\",\"updateTime\":\"2026-06-29 18:56:09.478\"},{\"answerId\":2071548268937199622,\"content\":\"34463\",\"createBy\":\"admin\",\"createTime\":\"2026-06-29 18:56:09.478\",\"itemId\":2071547858201591812,\"itemType\":2,\"personId\":2071547858159648770,\"receiptId\":2071548268874285058,\"updateBy\":\"admin\",\"updateTime\":\"2026-06-29 18:56:09.478\"},{\"answerId\":2071548268937199623,\"content\":\"35\",\"createBy\":\"admin\",\"createTime\":\"2026-06-29 18:56:09.4','{\"msg\":\"操作成功\",\"code\":200}',0,NULL,'2026-06-29 18:56:09',15),(309,'评议答案管理',5,'com.ruoyi.touki.controller.EvaluateReceiptController.export()','POST',1,'admin','成都房建公寓段','/evaluate/receipt/export','127.0.0.1','内网IP','{\"intermediateCode\":\"0BNQSH\",\"pageSize\":\"10\",\"pageNum\":\"1\"}',NULL,0,NULL,'2026-06-29 18:56:24',2049),(310,'评议答案管理',5,'com.ruoyi.touki.controller.EvaluateReceiptController.export()','POST',1,'admin','成都房建公寓段','/evaluate/receipt/export','127.0.0.1','内网IP','{\"intermediateCode\":\"0BNQSH\",\"pageSize\":\"10\",\"pageNum\":\"1\"}',NULL,0,NULL,'2026-06-29 19:09:23',1938);
/*!40000 ALTER TABLE `sys_oper_log` ENABLE KEYS */;
UNLOCK TABLES;

--
-- Table structure for table `sys_post`
--

DROP TABLE IF EXISTS `sys_post`;
/*!40101 SET @saved_cs_client     = @@character_set_client */;
/*!50503 SET character_set_client = utf8mb4 */;
CREATE TABLE `sys_post` (
  `post_id` bigint NOT NULL AUTO_INCREMENT COMMENT '岗位ID',
  `post_code` varchar(64) CHARACTER SET utf8mb4 COLLATE utf8mb4_unicode_ci NOT NULL COMMENT '岗位编码',
  `post_name` varchar(50) CHARACTER SET utf8mb4 COLLATE utf8mb4_unicode_ci NOT NULL COMMENT '岗位名称',
  `post_sort` int NOT NULL COMMENT '显示顺序',
  `status` char(1) CHARACTER SET utf8mb4 COLLATE utf8mb4_unicode_ci NOT NULL COMMENT '状态（0正常 1停用）',
  `create_by` varchar(64) CHARACTER SET utf8mb4 COLLATE utf8mb4_unicode_ci DEFAULT '' COMMENT '创建者',
  `create_time` datetime DEFAULT NULL COMMENT '创建时间',
  `update_by` varchar(64) CHARACTER SET utf8mb4 COLLATE utf8mb4_unicode_ci DEFAULT '' COMMENT '更新者',
  `update_time` datetime DEFAULT NULL COMMENT '更新时间',
  `remark` varchar(500) CHARACTER SET utf8mb4 COLLATE utf8mb4_unicode_ci DEFAULT NULL COMMENT '备注',
  PRIMARY KEY (`post_id`)
) ENGINE=InnoDB AUTO_INCREMENT=5 DEFAULT CHARSET=utf8mb4 COLLATE=utf8mb4_unicode_ci COMMENT='岗位信息表';
/*!40101 SET character_set_client = @saved_cs_client */;

--
-- Dumping data for table `sys_post`
--

LOCK TABLES `sys_post` WRITE;
/*!40000 ALTER TABLE `sys_post` DISABLE KEYS */;
/*!40000 ALTER TABLE `sys_post` ENABLE KEYS */;
UNLOCK TABLES;

--
-- Table structure for table `sys_role`
--

DROP TABLE IF EXISTS `sys_role`;
/*!40101 SET @saved_cs_client     = @@character_set_client */;
/*!50503 SET character_set_client = utf8mb4 */;
CREATE TABLE `sys_role` (
  `role_id` bigint NOT NULL AUTO_INCREMENT COMMENT '角色ID',
  `role_name` varchar(30) CHARACTER SET utf8mb4 COLLATE utf8mb4_unicode_ci NOT NULL COMMENT '角色名称',
  `role_key` varchar(100) CHARACTER SET utf8mb4 COLLATE utf8mb4_unicode_ci NOT NULL COMMENT '角色权限字符串',
  `role_sort` int NOT NULL COMMENT '显示顺序',
  `data_scope` char(1) CHARACTER SET utf8mb4 COLLATE utf8mb4_unicode_ci DEFAULT '1' COMMENT '数据范围（1：全部数据权限 2：自定数据权限 3：本部门数据权限 4：本部门及以下数据权限）',
  `menu_check_strictly` tinyint(1) DEFAULT '1' COMMENT '菜单树选择项是否关联显示',
  `dept_check_strictly` tinyint(1) DEFAULT '1' COMMENT '部门树选择项是否关联显示',
  `status` char(1) CHARACTER SET utf8mb4 COLLATE utf8mb4_unicode_ci NOT NULL COMMENT '角色状态（0正常 1停用）',
  `del_flag` char(1) CHARACTER SET utf8mb4 COLLATE utf8mb4_unicode_ci DEFAULT '0' COMMENT '删除标志（0代表存在 2代表删除）',
  `create_by` varchar(64) CHARACTER SET utf8mb4 COLLATE utf8mb4_unicode_ci DEFAULT '' COMMENT '创建者',
  `create_time` datetime DEFAULT NULL COMMENT '创建时间',
  `update_by` varchar(64) CHARACTER SET utf8mb4 COLLATE utf8mb4_unicode_ci DEFAULT '' COMMENT '更新者',
  `update_time` datetime DEFAULT NULL COMMENT '更新时间',
  `remark` varchar(500) CHARACTER SET utf8mb4 COLLATE utf8mb4_unicode_ci DEFAULT NULL COMMENT '备注',
  PRIMARY KEY (`role_id`)
) ENGINE=InnoDB AUTO_INCREMENT=100 DEFAULT CHARSET=utf8mb4 COLLATE=utf8mb4_unicode_ci COMMENT='角色信息表';
/*!40101 SET character_set_client = @saved_cs_client */;

--
-- Dumping data for table `sys_role`
--

LOCK TABLES `sys_role` WRITE;
/*!40000 ALTER TABLE `sys_role` DISABLE KEYS */;
INSERT INTO `sys_role` VALUES (1,'超级管理员','admin',1,'1',1,1,'0','0','admin','2025-07-19 12:25:23','',NULL,'超级管理员'),(2,'普通角色','common',2,'2',1,1,'0','0','admin','2025-07-19 12:25:23','admin','2025-07-19 13:05:54','普通角色');
/*!40000 ALTER TABLE `sys_role` ENABLE KEYS */;
UNLOCK TABLES;

--
-- Table structure for table `sys_role_dept`
--

DROP TABLE IF EXISTS `sys_role_dept`;
/*!40101 SET @saved_cs_client     = @@character_set_client */;
/*!50503 SET character_set_client = utf8mb4 */;
CREATE TABLE `sys_role_dept` (
  `role_id` bigint NOT NULL COMMENT '角色ID',
  `dept_id` bigint NOT NULL COMMENT '部门ID',
  PRIMARY KEY (`role_id`,`dept_id`)
) ENGINE=InnoDB DEFAULT CHARSET=utf8mb4 COLLATE=utf8mb4_unicode_ci COMMENT='角色和部门关联表';
/*!40101 SET character_set_client = @saved_cs_client */;

--
-- Dumping data for table `sys_role_dept`
--

LOCK TABLES `sys_role_dept` WRITE;
/*!40000 ALTER TABLE `sys_role_dept` DISABLE KEYS */;
INSERT INTO `sys_role_dept` VALUES (2,100),(2,101),(2,105);
/*!40000 ALTER TABLE `sys_role_dept` ENABLE KEYS */;
UNLOCK TABLES;

--
-- Table structure for table `sys_role_menu`
--

DROP TABLE IF EXISTS `sys_role_menu`;
/*!40101 SET @saved_cs_client     = @@character_set_client */;
/*!50503 SET character_set_client = utf8mb4 */;
CREATE TABLE `sys_role_menu` (
  `role_id` bigint NOT NULL COMMENT '角色ID',
  `menu_id` bigint NOT NULL COMMENT '菜单ID',
  PRIMARY KEY (`role_id`,`menu_id`)
) ENGINE=InnoDB DEFAULT CHARSET=utf8mb4 COLLATE=utf8mb4_unicode_ci COMMENT='角色和菜单关联表';
/*!40101 SET character_set_client = @saved_cs_client */;

--
-- Dumping data for table `sys_role_menu`
--

LOCK TABLES `sys_role_menu` WRITE;
/*!40000 ALTER TABLE `sys_role_menu` DISABLE KEYS */;
INSERT INTO `sys_role_menu` VALUES (2,1),(2,2),(2,3),(2,100),(2,101),(2,102),(2,103),(2,104),(2,105),(2,106),(2,107),(2,108),(2,109),(2,110),(2,111),(2,112),(2,113),(2,114),(2,115),(2,116),(2,117),(2,500),(2,501),(2,1000),(2,1001),(2,1002),(2,1003),(2,1004),(2,1005),(2,1006),(2,1007),(2,1008),(2,1009),(2,1010),(2,1011),(2,1012),(2,1013),(2,1014),(2,1015),(2,1016),(2,1017),(2,1018),(2,1019),(2,1020),(2,1021),(2,1022),(2,1023),(2,1024),(2,1025),(2,1026),(2,1027),(2,1028),(2,1029),(2,1030),(2,1031),(2,1032),(2,1033),(2,1034),(2,1035),(2,1036),(2,1037),(2,1038),(2,1039),(2,1040),(2,1041),(2,1042),(2,1043),(2,1044),(2,1045),(2,1046),(2,1047),(2,1048),(2,1049),(2,1050),(2,1051),(2,1052),(2,1053),(2,1054),(2,1055),(2,1056),(2,1057),(2,1058),(2,1059),(2,1060);
/*!40000 ALTER TABLE `sys_role_menu` ENABLE KEYS */;
UNLOCK TABLES;

--
-- Table structure for table `sys_user`
--

DROP TABLE IF EXISTS `sys_user`;
/*!40101 SET @saved_cs_client     = @@character_set_client */;
/*!50503 SET character_set_client = utf8mb4 */;
CREATE TABLE `sys_user` (
  `user_id` bigint NOT NULL AUTO_INCREMENT COMMENT '用户ID',
  `dept_id` bigint DEFAULT NULL COMMENT '部门ID',
  `user_name` varchar(30) CHARACTER SET utf8mb4 COLLATE utf8mb4_unicode_ci NOT NULL COMMENT '用户账号',
  `nick_name` varchar(30) CHARACTER SET utf8mb4 COLLATE utf8mb4_unicode_ci NOT NULL COMMENT '用户昵称',
  `user_type` varchar(2) CHARACTER SET utf8mb4 COLLATE utf8mb4_unicode_ci DEFAULT '00' COMMENT '用户类型（00系统用户）',
  `email` varchar(50) CHARACTER SET utf8mb4 COLLATE utf8mb4_unicode_ci DEFAULT '' COMMENT '用户邮箱',
  `phonenumber` varchar(11) CHARACTER SET utf8mb4 COLLATE utf8mb4_unicode_ci DEFAULT '' COMMENT '手机号码',
  `sex` char(1) CHARACTER SET utf8mb4 COLLATE utf8mb4_unicode_ci DEFAULT '0' COMMENT '用户性别（0男 1女 2未知）',
  `avatar` varchar(100) CHARACTER SET utf8mb4 COLLATE utf8mb4_unicode_ci DEFAULT '' COMMENT '头像地址',
  `password` varchar(100) CHARACTER SET utf8mb4 COLLATE utf8mb4_unicode_ci DEFAULT '' COMMENT '密码',
  `status` char(1) CHARACTER SET utf8mb4 COLLATE utf8mb4_unicode_ci DEFAULT '0' COMMENT '账号状态（0正常 1停用）',
  `del_flag` char(1) CHARACTER SET utf8mb4 COLLATE utf8mb4_unicode_ci DEFAULT '0' COMMENT '删除标志（0代表存在 2代表删除）',
  `login_ip` varchar(128) CHARACTER SET utf8mb4 COLLATE utf8mb4_unicode_ci DEFAULT '' COMMENT '最后登录IP',
  `login_date` datetime DEFAULT NULL COMMENT '最后登录时间',
  `pwd_update_date` datetime DEFAULT NULL COMMENT '密码最后更新时间',
  `create_by` varchar(64) CHARACTER SET utf8mb4 COLLATE utf8mb4_unicode_ci DEFAULT '' COMMENT '创建者',
  `create_time` datetime DEFAULT NULL COMMENT '创建时间',
  `update_by` varchar(64) CHARACTER SET utf8mb4 COLLATE utf8mb4_unicode_ci DEFAULT '' COMMENT '更新者',
  `update_time` datetime DEFAULT NULL COMMENT '更新时间',
  `remark` varchar(500) CHARACTER SET utf8mb4 COLLATE utf8mb4_unicode_ci DEFAULT NULL COMMENT '备注',
  PRIMARY KEY (`user_id`)
) ENGINE=InnoDB AUTO_INCREMENT=100 DEFAULT CHARSET=utf8mb4 COLLATE=utf8mb4_unicode_ci COMMENT='用户信息表';
/*!40101 SET character_set_client = @saved_cs_client */;

--
-- Dumping data for table `sys_user`
--

LOCK TABLES `sys_user` WRITE;
/*!40000 ALTER TABLE `sys_user` DISABLE KEYS */;
INSERT INTO `sys_user` VALUES (1,100,'admin','管理员','00','ry@163.com','15888888888','0','','$2a$10$7JB720yubVSZvUI0rEqK/.VqGOZTH.ulu33dHOiBE8ByOhJIrdAu2','0','0','127.0.0.1','2026-06-29 18:31:41','2025-07-19 12:25:23','admin','2025-07-19 12:25:23','admin','2026-06-29 18:31:41','管理员'),(2,105,'ry','若依','00','ry@qq.com','15666666666','1','','$2a$10$7JB720yubVSZvUI0rEqK/.VqGOZTH.ulu33dHOiBE8ByOhJIrdAu2','0','2','127.0.0.1','2025-07-19 12:25:23','2025-07-19 12:25:23','admin','2025-07-19 12:25:23','',NULL,'测试员');
/*!40000 ALTER TABLE `sys_user` ENABLE KEYS */;
UNLOCK TABLES;

--
-- Table structure for table `sys_user_post`
--

DROP TABLE IF EXISTS `sys_user_post`;
/*!40101 SET @saved_cs_client     = @@character_set_client */;
/*!50503 SET character_set_client = utf8mb4 */;
CREATE TABLE `sys_user_post` (
  `user_id` bigint NOT NULL COMMENT '用户ID',
  `post_id` bigint NOT NULL COMMENT '岗位ID',
  PRIMARY KEY (`user_id`,`post_id`)
) ENGINE=InnoDB DEFAULT CHARSET=utf8mb4 COLLATE=utf8mb4_unicode_ci COMMENT='用户与岗位关联表';
/*!40101 SET character_set_client = @saved_cs_client */;

--
-- Dumping data for table `sys_user_post`
--

LOCK TABLES `sys_user_post` WRITE;
/*!40000 ALTER TABLE `sys_user_post` DISABLE KEYS */;
/*!40000 ALTER TABLE `sys_user_post` ENABLE KEYS */;
UNLOCK TABLES;

--
-- Table structure for table `sys_user_role`
--

DROP TABLE IF EXISTS `sys_user_role`;
/*!40101 SET @saved_cs_client     = @@character_set_client */;
/*!50503 SET character_set_client = utf8mb4 */;
CREATE TABLE `sys_user_role` (
  `user_id` bigint NOT NULL COMMENT '用户ID',
  `role_id` bigint NOT NULL COMMENT '角色ID',
  PRIMARY KEY (`user_id`,`role_id`)
) ENGINE=InnoDB DEFAULT CHARSET=utf8mb4 COLLATE=utf8mb4_unicode_ci COMMENT='用户和角色关联表';
/*!40101 SET character_set_client = @saved_cs_client */;

--
-- Dumping data for table `sys_user_role`
--

LOCK TABLES `sys_user_role` WRITE;
/*!40000 ALTER TABLE `sys_user_role` DISABLE KEYS */;
/*!40000 ALTER TABLE `sys_user_role` ENABLE KEYS */;
UNLOCK TABLES;
/*!40103 SET TIME_ZONE=@OLD_TIME_ZONE */;

/*!40101 SET SQL_MODE=@OLD_SQL_MODE */;
/*!40014 SET FOREIGN_KEY_CHECKS=@OLD_FOREIGN_KEY_CHECKS */;
/*!40014 SET UNIQUE_CHECKS=@OLD_UNIQUE_CHECKS */;
/*!40101 SET CHARACTER_SET_CLIENT=@OLD_CHARACTER_SET_CLIENT */;
/*!40101 SET CHARACTER_SET_RESULTS=@OLD_CHARACTER_SET_RESULTS */;
/*!40101 SET COLLATION_CONNECTION=@OLD_COLLATION_CONNECTION */;
/*!40111 SET SQL_NOTES=@OLD_SQL_NOTES */;

-- Dump completed on 2026-06-29 19:11:04
